Date,Open,High,Low,Close,Adj Close,Volume
2013-02-11,4119.57,4124.63,4093.38,4111.08,4111.08,4114240000.00
2013-02-18,4049.27,4195.44,4015.55,4136.48,4136.48,23657120000.00
2013-02-25,3978.14,4094.21,3949.06,4070.56,4070.56,18707010000.00
2013-03-04,3999.28,4015.39,3885.54,3972.61,3972.61,16539130000.00
2013-03-11,3910.82,4003.95,3877.29,3999.09,3999.09,20846120000.00
2013-03-18,3853.29,3906.19,3794.33,3895.08,3895.08,16190230000.00
2013-03-25,3843.34,3858.19,3780.78,3839.50,3839.50,12097370000.00
2013-04-01,3853.79,3889.82,3764.49,3844.82,3844.82,18506410000.00
2013-04-08,3939.29,4100.96,3827.91,3852.36,3852.36,25443390000.00
2013-04-15,4052.02,4052.45,3918.39,3934.38,3934.38,20662410000.00
2013-04-22,4005.36,4100.51,3937.65,4071.70,4071.70,22280580000.00
2013-04-29,3956.23,4034.02,3933.34,4026.12,4026.12,12724860000.00
2013-05-06,3977.97,4028.84,3906.54,3965.34,3965.34,21831700000.00
2013-05-13,3780.71,4001.48,3744.22,3992.93,3992.93,24968840000.00
2013-05-20,3881.85,3911.79,3698.15,3770.55,3770.55,24226300000.00
2013-05-27,3762.01,3905.42,3741.65,3901.06,3901.06,23555090000.00
2013-06-03,3638.65,3762.79,3638.65,3752.75,3752.75,22634960000.00
2013-06-10,3647.51,3712.00,3491.58,3583.07,3583.07,21864890000.00
2013-06-17,3609.78,3806.91,3604.93,3639.66,3639.66,22948200000.00
2013-06-24,3682.72,3736.74,3584.13,3585.62,3585.62,24475900000.00
2013-07-01,3849.91,3907.07,3647.47,3693.23,3693.23,21332100000.00
2013-07-08,4083.67,4119.28,3837.08,3873.33,3873.33,24728470000.00
2013-07-15,3930.89,4076.81,3886.75,4067.36,4067.36,15886450000.00
2013-07-22,4034.58,4062.99,3903.65,3924.26,3924.26,19592960000.00
2013-07-29,4195.08,4203.04,4057.66,4057.66,4057.66,18714200000.00
2013-08-05,4269.37,4325.28,4218.70,4228.48,4228.48,19013350000.00
2013-08-12,4155.93,4280.47,4112.09,4280.15,4280.15,21098400000.00
2013-08-19,4112.38,4167.66,4079.81,4145.19,4145.19,21651540000.00
2013-08-26,3965.72,4140.15,3910.74,4130.29,4130.29,20488830000.00
2013-09-02,3883.79,4012.44,3818.63,3961.63,3961.63,20385270000.00
2013-09-09,3880.94,3880.94,3721.56,3863.16,3863.16,19693570000.00
2013-09-16,3792.61,3918.50,3742.06,3899.38,3899.38,17073700000.00
2013-09-23,3920.76,3945.86,3738.67,3825.33,3825.33,21693690000.00
2013-09-30,3715.31,3913.65,3715.31,3911.74,3911.74,23570150000.00
2013-10-07,3838.15,3838.15,3636.87,3674.84,3674.84,30486930000.00
2013-10-14,4134.72,4168.78,3900.16,3900.86,3900.86,21764190000.00
2013-10-21,4151.09,4177.51,4073.85,4108.54,4108.54,19471340000.00
2013-10-28,3919.42,4158.49,3875.13,4158.24,4158.24,23231370000.00
2013-11-04,4013.02,4090.72,3810.32,3901.36,3901.36,24603940000.00
2013-11-11,4081.27,4081.27,3858.87,4023.89,4023.89,29126270000.00
2013-11-18,4130.61,4307.66,4062.51,4123.34,4123.34,25076170000.00
2013-11-25,4255.34,4308.45,4124.28,4131.93,4131.93,24637900000.00
2013-12-02,4385.63,4512.94,4267.62,4271.78,4271.78,21597890000.00
2013-12-09,4462.64,4471.00,4381.34,4392.59,4392.59,16329620000.00
2013-12-16,4547.97,4593.45,4450.04,4488.28,4488.28,23239490000.00
2013-12-23,4541.09,4637.30,4507.57,4545.86,4545.86,23169700000.00
2013-12-30,4462.40,4546.03,4424.30,4543.06,4543.06,22611740000.00
2014-01-06,4202.75,4465.40,4161.72,4463.12,4463.12,30540660000.00
2014-01-13,4327.01,4327.01,4157.87,4204.31,4204.31,29765730000.00
2014-01-20,4354.17,4416.78,4279.54,4328.87,4328.87,28092740000.00
2014-01-27,4332.74,4385.34,4114.65,4384.65,4384.65,21848520000.00
2014-02-03,4412.61,4489.55,4327.22,4348.87,4348.87,22562340000.00
2014-02-10,4505.75,4590.03,4401.41,4418.64,4418.64,23778810000.00
2014-02-17,4431.79,4595.31,4414.02,4500.53,4500.53,23505280000.00
2014-02-24,4356.32,4453.23,4222.62,4431.85,4431.85,27889090000.00
2014-03-03,4632.24,4632.24,4395.34,4397.94,4397.94,19444410000.00
2014-03-10,4655.34,4748.83,4582.24,4662.85,4662.85,21251840000.00
2014-03-17,4778.14,4818.62,4662.74,4677.03,4677.03,21878940000.00
2014-03-24,4733.99,4808.93,4733.99,4766.18,4766.18,14244290000.00
2014-03-31,4587.90,4740.74,4531.10,4725.79,4725.79,14940780000.00
2014-04-07,4710.30,4731.99,4600.22,4620.64,4620.64,26609380000.00
2014-04-14,4548.37,4713.57,4540.51,4712.02,4712.02,21271750000.00
2014-04-21,4628.75,4672.95,4495.12,4538.43,4538.43,26646380000.00
2014-04-28,4712.00,4743.83,4585.43,4594.62,4594.62,15654820000.00
2014-05-05,4689.30,4717.75,4672.78,4697.96,4697.96,19909710000.00
2014-05-12,4701.48,4714.92,4630.86,4682.85,4682.85,20545980000.00
2014-05-19,4610.62,4718.50,4595.06,4697.53,4697.53,21195930000.00
2014-05-26,4553.69,4608.08,4537.36,4605.38,4605.38,20648340000.00
2014-06-02,4463.72,4559.67,4447.47,4544.90,4544.90,18372450000.00
2014-06-09,4385.44,4475.82,4329.92,4471.37,4471.37,17878150000.00
2014-06-16,4348.84,4429.97,4278.94,4391.34,4391.34,19344290000.00
2014-06-23,4442.12,4457.30,4288.52,4357.04,4357.04,20646370000.00
2014-06-30,4402.95,4465.40,4305.91,4455.48,4455.48,20058800000.00
2014-07-07,4474.81,4492.99,4427.76,4432.99,4432.99,22890790000.00
2014-07-14,4535.38,4535.38,4457.66,4458.58,4458.58,14932410000.00
2014-07-21,4513.76,4545.85,4513.76,4535.43,4535.43,18470230000.00
2014-07-28,4450.29,4513.33,4450.29,4509.37,4509.37,17595630000.00
2014-08-04,4461.65,4480.26,4367.73,4441.67,4441.67,19014210000.00
2014-08-11,4437.77,4468.37,4424.74,4468.00,4468.00,17260230000.00
2014-08-18,4406.86,4440.82,4373.00,4436.52,4436.52,19171320000.00
2014-08-25,4409.58,4429.97,4372.51,4395.26,4395.26,20734210000.00
2014-09-01,4296.40,4415.18,4233.13,4411.79,4411.79,21304580000.00
2014-09-08,4372.41,4393.68,4322.53,4327.16,4327.16,18977190000.00
2014-09-15,4356.46,4371.60,4289.37,4369.55,4369.55,16225570000.00
2014-09-22,4284.90,4355.43,4274.67,4352.34,4352.34,19135150000.00
2014-09-29,4173.40,4286.12,4173.40,4280.70,4280.70,22845800000.00
2014-10-06,4248.31,4257.16,4164.40,4166.45,4166.45,24868180000.00
2014-10-13,4229.34,4249.74,4208.41,4247.44,4247.44,22073020000.00
2014-10-20,4216.52,4234.12,4167.93,4229.89,4229.89,20636100000.00
2014-10-27,4170.16,4218.36,4170.16,4204.11,4204.11,23343500000.00
2014-11-03,4169.92,4188.72,4061.41,4155.86,4155.86,20744780000.00
2014-11-10,4228.29,4236.39,4056.88,4173.85,4173.85,22952900000.00
2014-11-17,4191.98,4238.04,4128.59,4232.60,4232.60,21280680000.00
2014-11-24,4185.03,4218.78,4174.85,4181.17,4181.17,19845940000.00
2014-12-01,4179.80,4194.17,4118.38,4180.17,4180.17,19855210000.00
2014-12-08,4124.71,4191.31,4114.82,4185.47,4185.47,19506210000.00
2014-12-15,4034.44,4129.48,4034.44,4128.80,4128.80,19754600000.00
2014-12-22,3969.31,4020.63,3943.25,4019.87,4019.87,17489870000.00
2014-12-29,3916.48,3978.19,3853.50,3974.54,3974.54,24199790000.00
2015-01-05,3942.96,3983.87,3886.75,3913.10,3913.10,26950850000.00
2015-01-12,3844.39,3960.27,3819.25,3943.34,3943.34,27021810000.00
2015-01-19,3842.51,3914.50,3723.34,3841.94,3841.94,30870960000.00
2015-01-26,3885.55,3928.65,3789.54,3811.15,3811.15,31300040000.00
2015-02-02,3939.61,3950.43,3885.03,3906.71,3906.71,19428610000.00
2015-02-09,3892.59,3937.23,3884.94,3934.83,3934.83,22779770000.00
2015-02-16,3731.17,3894.56,3725.62,3886.83,3886.83,25573900000.00
2015-02-23,3851.68,3870.90,3694.12,3714.24,3714.24,36751000000.00
2015-03-02,3781.88,3861.45,3780.37,3841.47,3841.47,19193280000.00
2015-03-09,3803.14,3823.60,3749.62,3768.25,3768.25,24631190000.00
2015-03-16,3764.61,3826.69,3662.71,3824.68,3824.68,25542330000.00
2015-03-23,3723.03,3760.20,3723.03,3756.07,3756.07,13262640000.00
2015-03-30,3684.28,3711.24,3636.48,3703.06,3703.06,14464830000.00
2015-04-06,3675.27,3726.70,3645.84,3709.41,3709.41,24367880000.00
2015-04-13,3694.73,3712.39,3633.40,3663.46,3663.46,23655640000.00
2015-04-20,3634.18,3699.20,3594.39,3699.12,3699.12,26933100000.00
2015-04-27,3566.82,3644.31,3552.77,3638.35,3638.35,19026670000.00
2015-05-04,3600.16,3628.51,3543.84,3557.54,3557.54,23992240000.00
2015-05-11,3583.04,3645.99,3511.91,3585.15,3585.15,28872780000.00
2015-05-18,3296.20,3529.05,3279.74,3509.44,3509.44,23047080000.00
2015-05-25,3441.42,3441.42,3233.94,3269.96,3269.96,22860370000.00
2015-06-01,3493.66,3502.42,3415.34,3465.39,3465.39,19936550000.00
2015-06-08,3500.02,3549.85,3440.89,3483.81,3483.81,19317950000.00
2015-06-15,3367.27,3482.34,3354.54,3477.14,3477.14,19772590000.00
2015-06-22,3333.90,3397.18,3323.69,3348.42,3348.42,20402660000.00
2015-06-29,3285.57,3323.35,3209.45,3298.46,3298.46,21594480000.00
2015-07-06,3363.56,3428.92,3292.40,3319.47,3319.47,24071910000.00
2015-07-13,3371.88,3425.55,3310.47,3340.97,3340.97,16545570000.00
2015-07-20,3509.73,3588.11,3349.63,3426.96,3426.96,22095960000.00
2015-07-27,3418.09,3509.23,3413.13,3508.01,3508.01,18975990000.00
2015-08-03,3380.86,3399.96,3354.69,3397.16,3397.16,17745410000.00
2015-08-10,3356.04,3387.89,3326.44,3372.85,3372.85,19619500000.00
2015-08-17,3288.26,3352.54,3284.53,3351.28,3351.28,21777340000.00
2015-08-24,3219.84,3272.17,3204.13,3271.12,3271.12,21774140000.00
2015-08-31,3224.29,3279.99,3200.05,3215.63,3215.63,20789280000.00
2015-09-07,3205.08,3238.28,3127.66,3224.73,3224.73,22082120000.00
2015-09-14,3155.29,3186.82,3115.70,3185.04,3185.04,23635640000.00
2015-09-21,3018.59,3165.81,2999.74,3130.01,3130.01,17826770000.00
2015-09-28,3094.42,3154.90,3004.63,3009.05,3009.05,27951760000.00
2015-10-05,2993.76,3155.53,2965.66,3097.74,3097.74,28959080000.00
2015-10-12,3199.92,3233.13,2984.47,3041.31,3041.31,34390750000.00
2015-10-19,3038.78,3211.72,3031.54,3193.93,3193.93,30977470000.00
2015-10-26,3004.08,3068.67,2969.75,3044.31,3044.31,24991070000.00
2015-11-02,2913.86,2980.29,2913.86,2955.45,2955.45,25310860000.00
2015-11-09,2915.46,2945.82,2766.64,2863.70,2863.70,27249840000.00
2015-11-16,2815.01,2932.16,2797.85,2929.80,2929.80,24823610000.00
2015-11-23,2854.65,2954.86,2821.61,2830.71,2830.71,28845520000.00
2015-11-30,2845.62,2868.98,2727.10,2836.74,2836.74,26590900000.00
2015-12-07,2782.46,2879.22,2721.17,2874.56,2874.56,27176880000.00
2015-12-14,2578.28,2818.57,2574.57,2789.82,2789.82,27229510000.00
2015-12-21,2558.98,2641.39,2447.49,2488.65,2488.65,30852490000.00
2015-12-28,2290.71,2637.01,2191.86,2541.47,2541.47,37243200000.00
2016-01-04,2508.59,2562.98,2280.52,2304.92,2304.92,41985050000.00
2016-01-11,2863.89,2882.59,2478.86,2711.02,2711.02,40664410000.00
2016-01-18,2974.28,3136.72,2901.54,2972.37,2972.37,29965390000.00
2016-01-25,3257.61,3259.81,2855.84,2954.22,2954.22,31566850000.00
2016-02-01,3369.04,3393.52,3328.45,3337.75,3337.75,15292560000.00
2016-02-08,3318.28,3385.09,3317.77,3380.16,3380.16,18077170000.00
2016-02-15,3235.66,3347.96,3235.66,3327.71,3327.71,19500010000.00
2016-02-22,3247.16,3293.47,3214.68,3225.52,3225.52,19282920000.00
2016-02-29,3321.03,3337.77,3281.53,3295.47,3295.47,15204110000.00
2016-03-07,3271.13,3329.88,3268.43,3329.62,3329.62,18135300000.00
2016-03-14,3217.55,3282.99,3214.64,3265.35,3265.35,17721020000.00
2016-03-21,3240.09,3258.14,3212.03,3234.85,3234.85,12861110000.00
2016-03-28,3226.05,3247.93,3220.51,3240.02,3240.02,8954750000.00
2016-04-04,3183.63,3225.65,3183.63,3221.22,3221.22,22184930000.00
2016-04-11,3141.86,3182.68,3126.09,3168.80,3168.80,17765280000.00
2016-04-18,3143.85,3150.60,3070.33,3145.91,3145.91,17504100000.00
2016-04-25,3117.44,3154.26,3117.44,3140.98,3140.98,12893650000.00
2016-05-02,3117.91,3127.64,3091.41,3110.29,3110.29,18074100000.00
2016-05-09,3080.33,3120.46,3075.82,3120.46,3120.46,16692290000.00
2016-05-16,3078.96,3097.77,3065.89,3093.08,3093.08,20794290000.00
2016-05-23,3032.12,3066.95,3023.19,3066.91,3066.91,19004660000.00
2016-05-30,2996.48,3027.39,2991.21,3022.55,3022.55,17288670000.00
2016-06-06,2965.81,3008.29,2962.94,2986.20,2986.20,15507120000.00
2016-06-13,2944.23,2993.28,2892.66,2970.27,2970.27,15880820000.00
2016-06-20,2967.07,2992.53,2855.94,2952.01,2952.01,17244790000.00
2016-06-27,2983.50,3007.98,2945.53,2961.79,2961.79,16722640000.00
2016-07-04,2996.41,3021.99,2978.57,2992.07,2992.07,20787010000.00
2016-07-11,2988.43,3020.74,2957.01,3007.39,3007.39,19712530000.00
2016-07-18,2909.01,2985.86,2891.85,2978.71,2978.71,13707670000.00
2016-07-25,2866.70,2940.43,2853.05,2926.46,2926.46,15686820000.00
2016-08-01,2913.48,2939.08,2834.97,2847.11,2847.11,16141480000.00
2016-08-08,2907.07,2943.31,2825.51,2888.68,2888.68,19076710000.00
2016-08-15,2898.07,2938.72,2822.12,2918.65,2918.65,20687590000.00
2016-08-22,3024.47,3025.61,2914.11,2932.05,2932.05,20160210000.00
2016-08-29,2981.93,3027.98,2976.65,3025.86,3025.86,16700450000.00
2016-09-05,3017.80,3017.80,2973.09,2976.61,2976.61,16014490000.00
2016-09-12,2979.77,3013.92,2963.44,3013.77,3013.77,15253340000.00
2016-09-19,2971.41,2995.84,2952.22,2990.41,2990.41,11147600000.00
2016-09-26,2951.42,2954.92,2912.99,2941.76,2941.76,18812890000.00
2016-10-03,2889.75,2964.15,2887.30,2950.46,2950.46,18516760000.00
2016-10-10,2885.83,2910.61,2874.68,2886.98,2886.98,15894210000.00
2016-10-17,2751.53,2884.97,2728.81,2873.34,2873.34,18026770000.00
2016-10-24,2830.03,2840.51,2750.52,2752.06,2752.06,15106790000.00
2016-10-31,2841.94,2868.88,2805.49,2826.06,2826.06,16499350000.00
2016-11-07,2840.19,2892.15,2801.43,2859.53,2859.53,17050540000.00
2016-11-14,2908.89,2937.32,2825.39,2881.40,2881.40,17765260000.00
2016-11-21,2940.58,2954.13,2900.50,2945.64,2945.64,17918950000.00
2016-11-28,2898.78,2939.88,2896.35,2939.88,2939.88,16857490000.00
2016-12-05,2908.32,2918.00,2891.90,2905.03,2905.03,13672850000.00
2016-12-12,2888.46,2910.54,2873.33,2907.41,2907.41,15877870000.00
2016-12-19,2848.63,2893.24,2848.63,2892.74,2892.74,16592010000.00
2016-12-26,2796.01,2836.03,2785.02,2834.40,2834.40,17055060000.00
2017-01-02,2822.61,2860.31,2800.47,2800.71,2800.71,18917020000.00
2017-01-09,2747.61,2830.73,2747.61,2822.48,2822.48,20454890000.00
2017-01-16,2814.37,2816.88,2722.27,2743.07,2743.07,18737740000.00
2017-01-23,2804.35,2813.49,2775.13,2803.69,2803.69,19748980000.00
2017-01-30,2769.28,2794.20,2764.55,2792.67,2792.67,14467710000.00
2017-02-06,2712.40,2775.66,2703.79,2775.60,2775.60,18417330000.00
2017-02-13,2706.49,2738.98,2681.83,2707.88,2707.88,18217210000.00
2017-02-20,2644.97,2716.66,2624.06,2706.53,2706.53,19768450000.00
2017-02-27,2657.88,2672.38,2612.86,2664.76,2664.76,14552950000.00
2017-03-06,2580.31,2675.47,2570.41,2670.71,2670.71,18984150000.00
2017-03-13,2535.61,2597.82,2524.56,2596.26,2596.26,19510680000.00
2017-03-20,2498.94,2538.07,2443.96,2531.94,2531.94,15288050000.00
2017-03-27,2400.56,2520.27,2346.58,2485.74,2485.74,14730860000.00
2017-04-03,2590.75,2601.13,2408.55,2416.62,2416.62,27611110000.00
2017-04-10,2630.86,2685.44,2583.23,2599.95,2599.95,20198330000.00
2017-04-17,2790.50,2800.18,2621.53,2633.08,2633.08,18159960000.00
2017-04-24,2649.97,2760.88,2649.97,2760.17,2760.17,19269950000.00
2017-05-01,2730.74,2733.16,2631.09,2632.56,2632.56,13066840000.00
2017-05-08,2773.93,2775.99,2670.75,2736.27,2736.27,20465380000.00
2017-05-15,2726.37,2815.15,2717.94,2781.01,2781.01,18826370000.00
2017-05-22,2682.65,2756.55,2603.54,2723.06,2723.06,23951720000.00
2017-05-29,2773.94,2778.94,2628.16,2658.69,2658.69,21911910000.00
2017-06-05,2763.83,2816.94,2749.03,2767.78,2767.78,17367750000.00
2017-06-12,2877.53,2894.83,2710.51,2767.13,2767.13,20405870000.00
2017-06-19,2926.29,2939.86,2869.29,2885.57,2885.57,17285210000.00
2017-06-26,2921.83,2931.15,2903.28,2913.98,2913.98,16703490000.00
2017-07-03,2903.83,2940.91,2886.16,2929.67,2929.67,18420620000.00
2017-07-10,2881.39,2908.30,2866.78,2904.98,2904.98,15450380000.00
2017-07-17,2896.96,2900.18,2864.12,2871.68,2871.68,12457020000.00
2017-07-24,2884.69,2916.50,2884.69,2901.52,2901.52,14056030000.00
2017-07-31,2853.93,2876.16,2850.62,2874.69,2874.69,13959870000.00
2017-08-07,2835.46,2855.63,2802.49,2850.13,2850.13,16086450000.00
2017-08-14,2840.29,2863.43,2825.81,2833.28,2833.28,15374300000.00
2017-08-21,2819.00,2840.38,2796.34,2840.35,2840.35,17214500000.00
2017-08-28,2799.17,2848.03,2795.14,2818.82,2818.82,17044960000.00
2017-09-04,2797.36,2816.76,2789.24,2801.83,2801.83,15517950000.00
2017-09-11,2775.62,2804.53,2770.73,2801.31,2801.31,14590400000.00
2017-09-18,2704.95,2764.41,2698.95,2759.82,2759.82,10576910000.00
2017-09-25,2742.94,2746.09,2691.99,2718.37,2718.37,18084070000.00
2017-10-02,2765.79,2774.99,2743.19,2754.88,2754.88,19124110000.00
2017-10-09,2780.18,2791.47,2761.73,2779.66,2779.66,19511520000.00
2017-10-16,2741.67,2779.90,2739.51,2779.03,2779.03,17477350000.00
2017-10-23,2705.11,2736.93,2676.81,2734.62,2734.62,15245210000.00
2017-10-30,2735.39,2742.24,2707.38,2721.33,2721.33,16071790000.00
2017-11-06,2738.47,2742.10,2701.91,2712.97,2712.97,16395450000.00
2017-11-13,2680.34,2732.86,2655.20,2727.72,2727.72,17181050000.00
2017-11-20,2682.51,2682.87,2594.62,2663.42,2663.42,18562140000.00
2017-11-27,2675.40,2683.55,2612.67,2669.91,2669.91,17235520000.00
2017-12-04,2670.10,2717.49,2660.61,2670.14,2670.14,16522340000.00
2017-12-11,2617.18,2680.26,2610.79,2656.30,2656.30,15743660000.00
2017-12-18,2633.45,2672.08,2553.80,2604.47,2604.47,16943670000.00
2017-12-25,2619.35,2674.78,2593.06,2640.87,2640.87,14747480000.00
2018-01-01,2741.38,2741.38,2585.89,2588.26,2588.26,17629670000.00
2018-01-08,2790.54,2801.90,2741.47,2752.01,2752.01,18908730000.00
2018-01-15,2681.06,2786.57,2675.75,2786.57,2786.57,17112270000.00
2018-01-22,2757.37,2789.15,2647.32,2691.25,2691.25,19838970000.00
2018-01-29,2722.99,2747.76,2697.77,2747.30,2747.30,14356940000.00
2018-02-05,2636.75,2754.42,2622.45,2732.22,2732.22,18927760000.00
2018-02-12,2741.06,2763.39,2532.69,2619.55,2619.55,26898440000.00
2018-02-19,2867.23,2870.62,2759.97,2762.13,2762.13,20193360000.00
2018-02-26,2809.16,2872.87,2808.12,2872.87,2872.87,18457670000.00
2018-03-05,2798.96,2810.33,2768.64,2810.30,2810.30,15580750000.00
2018-03-12,2742.67,2787.85,2736.06,2786.24,2786.24,17526430000.00
2018-03-19,2683.73,2743.45,2682.36,2743.15,2743.15,13878080000.00
2018-03-26,2679.09,2692.12,2673.61,2673.61,2673.61,8796210000.00
2018-04-02,2685.92,2694.97,2676.11,2683.34,2683.34,16075840000.00
2018-04-09,2652.19,2679.63,2651.47,2675.81,2675.81,19458420000.00
2018-04-16,2657.19,2665.19,2624.75,2651.50,2651.50,17250300000.00
2018-04-23,2602.66,2657.74,2598.87,2642.22,2642.22,19518320000.00
2018-04-30,2579.49,2604.21,2578.24,2602.42,2602.42,10525170000.00
2018-05-07,2576.53,2590.09,2557.45,2578.85,2578.85,17274900000.00
2018-05-14,2587.47,2597.02,2566.33,2582.30,2582.30,18589450000.00
2018-05-21,2577.75,2588.42,2566.17,2587.84,2587.84,18964700000.00
2018-05-28,2578.08,2582.98,2544.00,2581.07,2581.07,18323450000.00
2018-06-04,2555.57,2575.44,2547.92,2575.21,2575.21,15233210000.00
2018-06-11,2551.39,2557.65,2541.60,2553.17,2553.17,14748620000.00
2018-06-18,2521.20,2552.51,2520.40,2549.33,2549.33,15278620000.00
2018-06-25,2499.39,2519.44,2488.03,2519.36,2519.36,16263660000.00
2018-07-02,2502.51,2508.85,2496.54,2502.22,2502.22,15886600000.00
2018-07-09,2474.52,2500.23,2474.52,2500.23,2500.23,18184550000.00
2018-07-16,2470.35,2471.97,2446.55,2461.43,2461.43,13576530000.00
2018-07-23,2447.35,2480.38,2428.20,2476.55,2476.55,14126800000.00
2018-07-30,2425.50,2454.77,2417.35,2443.05,2443.05,13824620000.00
2018-08-06,2454.96,2474.93,2420.69,2425.55,2425.55,15295240000.00
2018-08-13,2477.14,2490.87,2437.75,2441.32,2441.32,16391220000.00
2018-08-20,2475.94,2480.38,2466.48,2476.83,2476.83,17335730000.00
2018-08-27,2472.04,2484.04,2459.93,2472.10,2472.10,18072700000.00
2018-09-03,2459.50,2477.62,2450.34,2472.54,2472.54,15129180000.00
2018-09-10,2424.51,2463.54,2412.79,2459.27,2459.27,15102550000.00
2018-09-17,2431.39,2439.17,2407.70,2425.18,2425.18,11567730000.00
2018-09-24,2443.32,2450.42,2405.70,2423.41,2423.41,17524000000.00
2018-10-01,2442.55,2453.82,2430.74,2438.30,2438.30,19053080000.00
2018-10-08,2425.88,2443.75,2418.53,2433.15,2433.15,19540080000.00
2018-10-15,2437.83,2446.20,2415.70,2431.77,2431.77,17635530000.00
2018-10-22,2411.67,2440.23,2403.59,2439.07,2439.07,15050020000.00
2018-10-29,2387.21,2418.71,2386.92,2415.82,2415.82,16127520000.00
2018-11-05,2393.98,2405.77,2352.72,2381.73,2381.73,19227790000.00
2018-11-12,2399.94,2403.87,2381.74,2390.90,2390.90,17769530000.00
2018-11-19,2388.50,2399.29,2379.75,2399.29,2399.29,18870720000.00
2018-11-26,2370.33,2398.16,2369.19,2384.20,2384.20,19649630000.00
2018-12-03,2332.62,2361.37,2332.51,2348.69,2348.69,16793410000.00
2018-12-10,2357.16,2366.37,2328.95,2328.95,2328.95,12261150000.00
2018-12-17,2362.34,2378.36,2344.73,2355.54,2355.54,16665670000.00
2018-12-24,2329.11,2370.42,2322.25,2362.72,2362.72,16235510000.00
2018-12-31,2378.24,2381.93,2335.74,2343.98,2343.98,17156540000.00
2019-01-07,2371.56,2390.01,2358.18,2378.25,2378.25,18798600000.00
2019-01-14,2375.23,2378.80,2354.54,2372.60,2372.60,17745030000.00
2019-01-21,2365.23,2400.98,2358.96,2383.12,2383.12,19525470000.00
2019-01-28,2354.91,2368.26,2352.87,2367.34,2367.34,14914870000.00
2019-02-04,2321.72,2351.31,2321.42,2351.16,2351.16,17859010000.00
2019-02-11,2294.28,2319.23,2285.38,2316.10,2316.10,17355000000.00
2019-02-18,2286.01,2298.31,2267.21,2297.42,2297.42,19019690000.00
2019-02-25,2267.78,2300.99,2257.02,2294.69,2294.69,17570460000.00
2019-03-04,2269.14,2276.96,2258.41,2271.31,2271.31,13609860000.00
2019-03-11,2273.59,2279.27,2254.25,2274.64,2274.64,17042270000.00
2019-03-18,2251.57,2282.10,2245.13,2276.98,2276.98,14669060000.00
2019-03-25,2266.23,2273.82,2233.62,2238.83,2238.83,9402730000.00
2019-04-01,2259.24,2272.56,2256.08,2263.79,2263.79,14315870000.00
2019-04-08,2258.83,2277.53,2248.44,2258.07,2258.07,22426490000.00
2019-04-15,2200.65,2259.80,2199.97,2259.53,2259.53,20349620000.00
2019-04-22,2210.21,2214.10,2187.44,2191.95,2191.95,21612530000.00
2019-04-29,2186.43,2213.35,2186.43,2213.35,2213.35,12576460000.00
2019-05-06,2165.64,2189.89,2156.08,2181.90,2181.90,21162310000.00
2019-05-13,2100.59,2182.30,2100.59,2164.45,2164.45,25381600000.00
2019-05-20,2129.78,2133.25,2083.79,2085.18,2085.18,20488880000.00
2019-05-27,2148.50,2154.79,2119.36,2126.41,2126.41,19131940000.00
2019-06-03,2132.95,2148.44,2124.43,2141.16,2141.16,16166080000.00
2019-06-10,2160.39,2169.60,2114.72,2132.98,2132.98,15960480000.00
2019-06-17,2164.33,2165.86,2144.01,2153.74,2153.74,17730470000.00
2019-06-24,2158.54,2175.30,2141.55,2168.27,2168.27,18848810000.00
2019-07-01,2143.99,2179.99,2135.91,2164.69,2164.69,16758370000.00
2019-07-08,2120.86,2163.30,2119.12,2139.16,2139.16,20204330000.00
2019-07-15,2181.61,2187.87,2127.81,2127.81,2127.81,14728870000.00
2019-07-22,2170.19,2184.87,2157.09,2179.98,2179.98,15911210000.00
2019-07-29,2181.58,2193.42,2160.39,2169.04,2169.04,15278970000.00
2019-08-05,2186.08,2193.81,2168.50,2183.87,2183.87,16049210000.00
2019-08-12,2183.76,2188.45,2172.00,2184.05,2184.05,16340620000.00
2019-08-19,2173.15,2182.87,2147.58,2182.87,2182.87,18513540000.00
2019-08-26,2173.71,2177.09,2159.07,2173.60,2173.60,18198170000.00
2019-09-02,2162.04,2175.63,2159.01,2175.03,2175.03,15651690000.00
2019-09-09,2131.72,2169.05,2131.72,2161.74,2161.74,17441690000.00
2019-09-16,2095.05,2131.71,2074.02,2129.90,2129.90,14779810000.00
2019-09-23,2031.45,2108.71,1991.68,2102.95,2102.95,22140480000.00
2019-09-30,2075.58,2113.32,2032.57,2037.41,2037.41,20763870000.00
2019-10-07,2091.75,2098.12,2050.37,2071.22,2071.22,19277430000.00
2019-10-14,2100.83,2120.55,2089.96,2096.07,2096.07,17344140000.00
2019-10-21,2100.13,2105.26,2085.10,2099.13,2099.13,15300080000.00
2019-10-28,2052.23,2099.06,2047.26,2099.06,2099.06,16852120000.00
2019-11-04,2046.53,2071.88,2025.91,2052.32,2052.32,19066060000.00
2019-11-11,2057.55,2084.87,2043.13,2046.61,2046.61,18573070000.00
2019-11-18,2067.17,2083.42,2039.45,2057.14,2057.14,19877940000.00
2019-11-25,2089.37,2099.89,2052.28,2065.30,2065.30,19991600000.00
2019-12-02,2078.83,2111.05,2073.65,2091.58,2091.58,19364460000.00
2019-12-09,2050.23,2087.84,2039.74,2080.73,2080.73,19466730000.00
2019-12-16,2073.19,2074.02,2033.80,2047.60,2047.60,18552210000.00
2019-12-23,2037.89,2075.07,2028.31,2072.78,2072.78,17687000000.00
2019-12-30,2047.88,2056.60,2022.49,2035.94,2035.94,13842290000.00
2020-01-06,2019.27,2052.36,2005.23,2049.58,2049.58,22138770000.00
2020-01-13,1996.11,2022.37,1969.25,2022.19,2022.19,22103360000.00
2020-01-20,1947.13,2009.13,1931.81,1999.99,1999.99,25206170000.00
2020-01-27,1924.44,1962.96,1891.00,1948.05,1948.05,20729330000.00
2020-02-03,1871.44,1930.68,1871.44,1917.78,1917.78,18161550000.00
2020-02-10,1873.25,1881.60,1810.10,1864.78,1864.78,25488570000.00
2020-02-17,1936.94,1947.20,1872.23,1880.05,1880.05,24081930000.00
2020-02-24,1906.28,1940.24,1872.70,1940.24,1940.24,23703940000.00
2020-03-02,1888.66,1908.85,1812.29,1906.90,1906.90,21324990000.00
2020-03-09,1926.12,1950.33,1857.83,1880.33,1880.33,25291150000.00
2020-03-16,2038.20,2038.20,1918.46,1922.03,1922.03,22089690000.00
2020-03-23,2057.77,2081.56,2043.62,2043.94,2043.94,10057270000.00
2020-03-30,2010.27,2067.36,2005.93,2060.99,2060.99,12177090000.00
2020-04-06,2013.37,2076.72,1993.26,2005.55,2005.55,24611890000.00
2020-04-13,2090.42,2090.42,2008.80,2012.37,2012.37,20618850000.00
2020-04-20,2090.95,2104.27,2042.35,2091.69,2091.69,20459190000.00
2020-04-27,2089.41,2095.61,2070.29,2090.11,2090.11,11792690000.00
2020-05-04,2022.08,2097.06,2019.39,2089.17,2089.17,19652690000.00
2020-05-11,2096.56,2096.56,2022.02,2023.04,2023.04,19691320000.00
2020-05-18,2080.76,2116.48,2080.76,2099.20,2099.20,20531860000.00
2020-05-25,2075.08,2094.32,2058.84,2079.36,2079.36,20565930000.00
2020-06-01,2031.73,2079.74,2017.22,2075.15,2075.15,18785920000.00
2020-06-08,2015.65,2033.54,1990.73,2033.11,2033.11,17281480000.00
2020-06-15,1954.33,2020.13,1954.33,2014.89,2014.89,20849400000.00
2020-06-22,1929.18,1951.36,1871.91,1951.36,1951.36,21346290000.00
2020-06-29,1960.84,1979.64,1908.92,1931.34,1931.34,18081540000.00
2020-07-06,1963.06,2020.86,1948.27,1958.03,1958.03,20075770000.00
2020-07-13,1927.30,1988.63,1927.30,1961.05,1961.05,14045680000.00
2020-07-20,1986.73,1986.73,1903.07,1921.22,1921.22,18717360000.00
2020-07-27,1965.15,1993.48,1867.01,1988.87,1988.87,26089970000.00
2020-08-03,2089.70,2103.47,1970.89,1970.89,1970.89,18271310000.00
2020-08-10,2080.98,2105.35,2052.09,2091.54,2091.54,17509360000.00
2020-08-17,2104.49,2112.66,2067.91,2077.57,2077.57,18841050000.00
2020-08-24,2078.19,2114.24,2063.52,2103.84,2103.84,19254140000.00
2020-08-31,2126.85,2132.82,2077.09,2079.65,2079.65,17926480000.00
2020-09-07,2080.03,2128.91,2080.03,2126.64,2126.64,15950490000.00
2020-09-14,2073.95,2083.74,2044.02,2076.62,2076.62,18065680000.00
2020-09-21,2098.63,2098.63,2056.32,2076.78,2076.78,14481300000.00
2020-09-28,2112.50,2129.87,2095.38,2101.49,2101.49,17463770000.00
2020-10-05,2091.34,2126.65,2072.49,2109.99,2109.99,17173880000.00
2020-10-12,2092.34,2115.02,2072.14,2094.11,2094.11,15214050000.00
2020-10-19,2108.64,2121.92,2085.67,2092.83,2092.83,15604780000.00
2020-10-26,2125.34,2126.22,2099.18,2107.39,2107.39,13377830000.00
2020-11-02,2121.30,2134.72,2120.01,2126.06,2126.06,14852420000.00
2020-11-09,2115.56,2123.89,2085.57,2122.73,2122.73,15824270000.00
2020-11-16,2110.23,2120.95,2067.93,2116.10,2116.10,17753820000.00
2020-11-23,2119.29,2125.92,2077.59,2108.29,2108.29,18949060000.00
2020-11-30,2084.11,2120.92,2084.11,2117.69,2117.69,16604500000.00
2020-12-07,2102.03,2111.91,2072.37,2081.18,2081.18,17285170000.00
2020-12-14,2064.87,2102.61,2056.52,2102.06,2102.06,15962370000.00
2020-12-21,2064.11,2088.97,2048.38,2066.96,2066.96,12933470000.00
2020-12-28,2107.99,2114.86,2045.50,2061.02,2061.02,16498140000.00
2021-01-04,2055.35,2113.92,2055.35,2108.10,2108.10,19504990000.00
2021-01-11,2072.25,2083.49,2039.69,2053.40,2053.40,17328980000.00
2021-01-18,2105.23,2117.52,2067.27,2071.26,2071.26,17049500000.00
2021-01-25,2109.83,2119.59,2103.00,2104.50,2104.50,16561930000.00
2021-02-01,2096.47,2110.61,2085.44,2110.30,2110.30,13260470000.00
2021-02-08,2053.47,2097.03,2041.88,2096.99,2096.99,18132050000.00
2021-02-15,1996.67,2072.40,1980.90,2055.47,2055.47,20821110000.00
2021-02-22,2050.42,2057.62,1989.18,1994.99,1994.99,19558890000.00
2021-03-01,2020.76,2064.62,2004.49,2051.82,2051.82,15424020000.00
2021-03-08,2046.13,2056.93,1988.12,2019.42,2019.42,20275570000.00
2021-03-15,2054.44,2064.43,1992.44,2044.81,2044.81,19362860000.00
2021-03-22,2087.63,2093.55,2046.04,2058.20,2058.20,10207410000.00
2021-03-29,2069.28,2092.70,2069.28,2088.77,2088.77,9565680000.00
2021-04-05,2005.03,2077.85,1972.56,2070.65,2070.65,25431950000.00
2021-04-12,2074.84,2075.78,2002.33,2002.33,2002.33,19961180000.00
2021-04-19,2065.78,2079.47,2049.57,2075.37,2075.37,18286300000.00
2021-04-26,2065.07,2075.76,2064.75,2067.56,2067.56,11770900000.00
2021-05-03,2038.29,2071.46,2034.46,2063.50,2063.50,17004640000.00
2021-05-10,2032.01,2046.18,2030.17,2039.82,2039.82,16172310000.00
2021-05-17,2018.21,2034.26,2001.01,2031.92,2031.92,18652340000.00
2021-05-24,1962.97,2018.19,1951.37,2018.05,2018.05,18810910000.00
2021-05-31,1885.62,1965.27,1882.30,1964.58,1964.58,17947860000.00
2021-06-07,1905.65,1912.09,1820.66,1886.76,1886.76,24810660000.00
2021-06-14,1970.01,1977.84,1906.05,1906.13,1906.13,20382540000.00
2021-06-21,1978.96,1985.17,1926.03,1967.90,1967.90,18807610000.00
2021-06-28,2009.08,2009.08,1965.99,1982.85,1982.85,16145360000.00
2021-07-05,1986.04,2019.26,1978.48,2010.40,2010.40,17261820000.00
2021-07-12,2007.17,2007.17,1980.26,1985.54,1985.54,14732610000.00
2021-07-19,2004.07,2011.17,1990.10,2007.71,2007.71,11520670000.00
2021-07-26,1991.74,2005.04,1990.52,2003.37,2003.37,11571710000.00
2021-08-02,1958.36,1994.76,1958.36,1988.40,1988.40,12814930000.00
2021-08-09,1933.43,1964.04,1928.29,1955.06,1955.06,13747450000.00
2021-08-16,1926.62,1942.92,1904.78,1931.59,1931.59,16207390000.00
2021-08-23,1978.25,1984.85,1916.37,1925.15,1925.15,17417530000.00
2021-08-30,1976.93,1991.39,1965.77,1978.34,1978.34,14213850000.00
2021-09-06,1969.86,1983.94,1955.59,1978.22,1978.22,15952350000.00
2021-09-13,1984.22,1984.22,1952.86,1967.57,1967.57,14692810000.00
2021-09-20,1960.79,1985.59,1958.22,1985.44,1985.44,11075160000.00
2021-09-27,1962.92,1968.17,1944.69,1960.96,1960.96,15983470000.00
2021-10-04,1934.84,1963.91,1930.91,1962.87,1962.87,16251000000.00
2021-10-11,1948.97,1955.55,1925.78,1936.16,1936.16,13863870000.00
2021-10-18,1923.87,1949.44,1915.98,1949.44,1949.44,14147690000.00
2021-10-25,1902.01,1924.03,1902.01,1923.57,1923.57,11860010000.00
2021-11-01,1876.66,1901.26,1868.14,1900.53,1900.53,13605170000.00
2021-11-08,1880.03,1902.17,1862.36,1877.86,1877.86,15469770000.00
2021-11-15,1879.45,1889.07,1859.79,1878.48,1878.48,16112380000.00
2021-11-22,1865.00,1891.33,1850.61,1881.14,1881.14,18038030000.00
2021-11-29,1865.79,1884.89,1859.70,1863.40,1863.40,15348510000.00
2021-12-06,1818.18,1869.63,1815.80,1864.85,1864.85,13344490000.00
2021-12-13,1863.92,1872.53,1814.36,1815.69,1815.69,18333880000.00
2021-12-20,1859.16,1897.28,1859.16,1865.09,1865.09,16381500000.00
2021-12-27,1867.67,1875.92,1842.11,1857.62,1857.62,16779360000.00
2022-01-03,1842.81,1883.97,1842.81,1866.52,1866.52,17678140000.00
2022-01-10,1877.86,1882.35,1839.57,1841.13,1841.13,16641060000.00
2022-01-17,1857.68,1883.57,1834.44,1878.04,1878.04,17512170000.00
2022-01-24,1836.78,1867.92,1836.78,1859.45,1859.45,18711730000.00
2022-01-31,1839.03,1847.50,1824.58,1836.25,1836.25,13891540000.00
2022-02-07,1796.20,1841.65,1791.83,1838.63,1838.63,16742180000.00
2022-02-14,1782.68,1798.03,1737.92,1797.02,1797.02,20380140000.00
2022-02-21,1791.03,1798.77,1770.45,1782.59,1782.59,19054250000.00
2022-02-28,1841.05,1849.31,1790.29,1790.29,1790.29,15747340000.00
2022-03-07,1841.26,1850.84,1815.52,1838.70,1838.70,17839850000.00
2022-03-14,1832.31,1843.23,1823.73,1842.37,1842.37,17375600000.00
2022-03-21,1841.47,1849.44,1827.74,1831.37,1831.37,10461570000.00
2022-03-28,1822.92,1844.89,1822.92,1841.40,1841.40,8194360000.00
2022-04-04,1777.48,1823.75,1767.99,1818.32,1818.32,19402600000.00
2022-04-11,1806.21,1811.52,1772.28,1775.32,1775.32,16086600000.00
2022-04-18,1806.55,1810.02,1779.09,1805.09,1805.09,16668560000.00
2022-04-25,1806.33,1813.55,1800.58,1805.81,1805.81,10637550000.00
2022-05-02,1798.82,1804.84,1777.23,1804.76,1804.76,15813880000.00
2022-05-09,1769.96,1798.22,1760.64,1798.18,1798.18,15476450000.00
2022-05-16,1763.40,1774.54,1746.20,1770.61,1770.61,18014020000.00
2022-05-23,1759.42,1775.22,1752.70,1761.64,1761.64,17676620000.00
2022-05-30,1745.20,1759.82,1740.50,1759.77,1759.77,17464350000.00
2022-06-06,1699.86,1745.31,1692.13,1744.50,1744.50,16512980000.00
2022-06-13,1687.15,1703.44,1646.47,1703.20,1703.20,16132530000.00
2022-06-20,1687.26,1696.55,1670.36,1690.50,1690.50,15855840000.00
2022-06-27,1711.44,1711.44,1687.11,1691.75,1691.75,15310240000.00
2022-07-04,1691.70,1729.86,1691.70,1709.91,1709.91,18657960000.00
2022-07-11,1656.85,1689.97,1656.85,1687.99,1687.99,15772830000.00
2022-07-18,1635.95,1664.83,1633.41,1655.17,1655.17,13124750000.00
2022-07-25,1664.29,1669.51,1627.47,1632.97,1632.97,13695720000.00
2022-08-01,1655.25,1664.85,1639.43,1663.50,1663.50,13950930000.00
2022-08-08,1688.37,1696.81,1652.61,1655.83,1655.83,15334290000.00
2022-08-15,1708.01,1709.24,1684.91,1691.42,1691.42,14910070000.00
2022-08-22,1690.32,1709.67,1681.86,1709.67,1709.67,16920240000.00
2022-08-29,1694.41,1698.78,1676.03,1691.65,1691.65,15296700000.00
2022-09-05,1679.59,1693.12,1671.84,1692.09,1692.09,15613300000.00
2022-09-12,1634.20,1680.19,1634.20,1680.19,1680.19,16166370000.00
2022-09-19,1609.78,1632.07,1604.57,1631.89,1631.89,11022010000.00
2022-09-26,1588.77,1620.07,1560.33,1606.28,1606.28,20394900000.00
2022-10-03,1630.64,1654.19,1577.70,1592.43,1592.43,20459250000.00
2022-10-10,1644.67,1648.69,1608.07,1626.73,1626.73,15935010000.00
2022-10-17,1631.71,1646.53,1598.23,1643.38,1643.38,18157630000.00
2022-10-24,1652.63,1674.21,1630.74,1630.74,1630.74,14642760000.00
2022-10-31,1665.71,1687.18,1635.53,1649.60,1649.60,17853250000.00
2022-11-07,1632.10,1667.47,1626.74,1667.47,1667.47,16979670000.00
2022-11-14,1614.40,1635.01,1614.21,1633.70,1633.70,16470390000.00
2022-11-21,1582.34,1618.46,1581.28,1614.42,1614.42,17137450000.00
2022-11-28,1555.25,1592.64,1548.19,1582.24,1582.24,17250470000.00
2022-12-05,1588.84,1588.84,1536.03,1555.25,1555.25,20025810000.00
2022-12-12,1553.26,1597.35,1548.63,1588.85,1588.85,16193490000.00
2022-12-19,1569.18,1573.66,1539.50,1553.28,1553.28,16991960000.00
2022-12-26,1556.89,1570.28,1546.22,1569.19,1569.19,12266080000.00
2023-01-02,1560.70,1561.56,1538.57,1556.89,1556.89,16501510000.00
2023-01-09,1551.15,1563.62,1547.36,1560.70,1560.70,18074930000.00
2023-01-16,1518.20,1552.48,1512.29,1551.18,1551.18,17988980000.00
2023-01-23,1515.60,1525.84,1485.01,1518.20,1518.20,19146110000.00
2023-01-30,1519.79,1530.94,1497.29,1515.60,1515.60,15683400000.00
2023-02-06,1517.93,1524.69,1513.61,1519.79,1519.79,17082600000.00
