Week,Date,LSTM,Passive,Correct
54,2004-02-23,1.0,1.001,0.0
55,2004-03-01,1.0,1.011,0.0
56,2004-03-08,1.0,0.979,0.33333
57,2004-03-15,0.99,0.97,0.25
58,2004-03-22,0.989,0.968,0.4
59,2004-03-29,0.989,0.998,0.33333
60,2004-04-04,0.989,0.996,0.42857
61,2004-04-11,0.989,0.992,0.375
62,2004-04-18,0.989,0.997,0.33333
63,2004-04-25,0.989,0.968,0.4
64,2004-05-02,0.981,0.96,0.36364
65,2004-05-09,0.978,0.958,0.33333
66,2004-05-16,0.977,0.956,0.30769
67,2004-05-23,1.001,0.98,0.35714
68,2004-05-30,1.001,0.981,0.4
69,2004-06-06,1.001,0.993,0.375
70,2004-06-13,1.001,0.992,0.35294
71,2004-06-20,1.001,0.992,0.38889
72,2004-06-27,1.001,0.984,0.36842
73,2004-07-04,0.99,0.973,0.35
74,2004-07-11,0.99,0.963,0.33333
75,2004-07-18,0.99,0.949,0.36364
76,2004-07-25,1.004,0.963,0.3913
77,2004-08-01,1.004,0.93,0.41667
78,2004-08-08,1.005,0.931,0.44
79,2004-08-15,1.036,0.96,0.46154
80,2004-08-22,1.036,0.968,0.44444
81,2004-08-29,1.036,0.973,0.42857
82,2004-09-05,1.036,0.982,0.41379
83,2004-09-12,1.036,0.986,0.43333
84,2004-09-19,1.036,0.97,0.45161
85,2004-09-26,1.036,0.989,0.4375
86,2004-10-03,1.036,0.981,0.45455
87,2004-10-10,1.036,0.969,0.44118
88,2004-10-17,1.036,0.958,0.45714
89,2004-10-24,1.069,0.988,0.44444
90,2004-11-01,1.103,1.019,0.45946
91,2004-11-08,1.103,1.035,0.44737
92,2004-11-15,1.103,1.023,0.46154
93,2004-11-22,1.103,1.034,0.45
94,2004-11-29,1.103,1.041,0.46341
95,2004-12-06,1.103,1.038,0.45238
96,2004-12-13,1.103,1.044,0.44186
97,2004-12-20,1.103,1.058,0.43182
98,2004-12-27,1.103,1.059,0.44444
99,2005-01-03,1.079,1.037,0.43478
100,2005-01-10,1.079,1.035,0.42553
101,2005-01-17,1.079,1.021,0.4375
102,2005-01-24,1.083,1.024,0.44898
103,2005-01-31,1.083,1.051,0.44
104,2005-02-07,1.083,1.053,0.45098
105,2005-02-14,1.083,1.05,0.44231
106,2005-02-21,1.083,1.059,0.45283
107,2005-02-28,1.083,1.068,0.46296
108,2005-03-07,1.083,1.049,0.47273
109,2005-03-14,1.073,1.04,0.46429
110,2005-03-21,1.057,1.024,0.45614
111,2005-03-28,1.057,1.025,0.46552
112,2005-04-03,1.064,1.032,0.47458
113,2005-04-10,1.064,0.999,0.48333
114,2005-04-17,1.073,1.007,0.4918
115,2005-04-24,1.073,1.011,0.48387
116,2005-05-01,1.086,1.024,0.49206
117,2005-05-08,1.086,1.009,0.5
118,2005-05-15,1.12,1.039,0.50769
119,2005-05-22,1.12,1.048,0.5
120,2005-05-29,1.12,1.045,0.49254
121,2005-06-05,1.12,1.047,0.48529
122,2005-06-12,1.12,1.064,0.47826
123,2005-06-19,1.12,1.041,0.48571
124,2005-06-26,1.12,1.044,0.47887
125,2005-07-03,1.12,1.059,0.48611
126,2005-07-10,1.12,1.073,0.47945
127,2005-07-17,1.12,1.078,0.48649
128,2005-07-24,1.12,1.079,0.49333
129,2005-07-31,1.113,1.072,0.48684
130,2005-08-07,1.116,1.075,0.48052
131,2005-08-14,1.107,1.066,0.47436
132,2005-08-21,1.093,1.053,0.46835
133,2005-08-28,1.105,1.065,0.475
134,2005-09-04,1.126,1.085,0.48148
135,2005-09-11,1.126,1.082,0.47561
136,2005-09-18,1.126,1.062,0.48193
137,2005-09-25,1.139,1.074,0.4881
138,2005-10-02,1.139,1.045,0.49412
139,2005-10-09,1.13,1.037,0.48837
140,2005-10-16,1.123,1.031,0.48276
141,2005-10-23,1.141,1.047,0.48864
142,2005-10-31,1.141,1.066,0.48315
143,2005-11-07,1.155,1.079,0.48889
144,2005-11-14,1.155,1.091,0.48352
145,2005-11-21,1.155,1.109,0.47826
146,2005-11-28,1.155,1.106,0.48387
147,2005-12-05,1.155,1.101,0.48936
148,2005-12-12,1.155,1.108,0.48421
149,2005-12-19,1.155,1.109,0.47917
150,2005-12-26,1.155,1.091,0.48454
151,2006-01-02,1.189,1.124,0.4898
152,2006-01-09,1.189,1.125,0.49495
153,2006-01-16,1.189,1.103,0.5
154,2006-01-23,1.21,1.122,0.50495
155,2006-01-30,1.21,1.105,0.5098
156,2006-02-06,1.213,1.107,0.51456
157,2006-02-13,1.232,1.125,0.51923
158,2006-02-20,1.232,1.127,0.51429
159,2006-02-27,1.232,1.125,0.51887
160,2006-03-06,1.232,1.12,0.51402
161,2006-03-13,1.232,1.143,0.51852
162,2006-03-20,1.232,1.139,0.51376
163,2006-03-27,1.232,1.132,0.51818
164,2006-04-02,1.232,1.132,0.52252
165,2006-04-09,1.226,1.127,0.51786
166,2006-04-16,1.226,1.146,0.51327
167,2006-04-23,1.226,1.146,0.50877
168,2006-04-30,1.226,1.159,0.51304
169,2006-05-07,1.226,1.129,0.51724
170,2006-05-14,1.203,1.107,0.51282
171,2006-05-21,1.216,1.119,0.51695
172,2006-05-28,1.223,1.126,0.51261
173,2006-06-04,1.189,1.095,0.50833
174,2006-06-11,1.189,1.094,0.5124
175,2006-06-18,1.182,1.088,0.51639
176,2006-06-25,1.206,1.11,0.52033
177,2006-07-02,1.202,1.106,0.51613
178,2006-07-09,1.174,1.08,0.512
179,2006-07-16,1.178,1.084,0.51587
180,2006-07-23,1.214,1.118,0.51969
181,2006-07-30,1.215,1.118,0.51562
182,2006-08-06,1.215,1.107,0.51163
183,2006-08-13,1.215,1.138,0.50769
184,2006-08-20,1.215,1.132,0.51145
185,2006-08-27,1.215,1.146,0.50758
186,2006-09-03,1.215,1.135,0.51128
187,2006-09-10,1.234,1.153,0.51493
188,2006-09-17,1.234,1.149,0.51852
189,2006-09-24,1.234,1.168,0.51471
190,2006-10-01,1.234,1.18,0.51095
191,2006-10-08,1.234,1.194,0.50725
192,2006-10-15,1.234,1.196,0.5036
193,2006-10-22,1.234,1.204,0.50714
194,2006-10-30,1.234,1.192,0.51064
195,2006-11-06,1.234,1.207,0.50704
196,2006-11-13,1.234,1.225,0.5035
197,2006-11-20,1.234,1.224,0.50694
198,2006-11-27,1.234,1.221,0.51034
199,2006-12-04,1.246,1.232,0.50685
200,2006-12-11,1.261,1.247,0.5102
201,2006-12-18,1.261,1.233,0.51351
202,2006-12-25,1.261,1.24,0.51678
203,2007-01-01,1.254,1.232,0.51333
204,2007-01-08,1.272,1.251,0.51656
205,2007-01-15,1.272,1.25,0.51974
206,2007-01-22,1.272,1.243,0.52288
207,2007-01-29,1.272,1.266,0.51948
208,2007-02-05,1.272,1.257,0.52258
209,2007-02-12,1.288,1.272,0.52564
210,2007-02-19,1.288,1.268,0.52866
211,2007-02-26,1.288,1.212,0.53165
212,2007-03-05,1.302,1.226,0.53459
213,2007-03-11,1.288,1.212,0.53125
214,2007-03-18,1.333,1.255,0.53416
215,2007-03-25,1.333,1.242,0.53704
216,2007-04-01,1.355,1.262,0.53988
217,2007-04-08,1.355,1.27,0.53659
218,2007-04-15,1.355,1.297,0.53333
219,2007-04-22,1.355,1.306,0.53614
220,2007-04-29,1.355,1.316,0.53892
221,2007-05-06,1.355,1.316,0.53571
222,2007-05-13,1.37,1.331,0.53846
223,2007-05-20,1.364,1.325,0.53529
224,2007-05-27,1.382,1.343,0.53801
225,2007-06-03,1.382,1.318,0.5407
226,2007-06-10,1.406,1.34,0.54335
227,2007-06-17,1.378,1.313,0.54023
228,2007-06-24,1.378,1.314,0.53714
229,2007-07-01,1.403,1.338,0.53977
230,2007-07-08,1.423,1.357,0.53672
231,2007-07-15,1.407,1.341,0.53371
232,2007-07-22,1.338,1.275,0.53073
233,2007-07-29,1.314,1.253,0.52778
234,2007-08-05,1.314,1.271,0.53039
235,2007-08-12,1.314,1.264,0.53297
236,2007-08-19,1.314,1.293,0.53005
237,2007-08-26,1.309,1.288,0.52717
238,2007-09-02,1.291,1.27,0.52432
239,2007-09-09,1.318,1.297,0.52688
240,2007-09-16,1.318,1.334,0.52406
241,2007-09-23,1.318,1.334,0.52128
242,2007-09-30,1.318,1.361,0.51852
243,2007-10-07,1.318,1.365,0.52105
244,2007-10-14,1.267,1.312,0.51832
245,2007-10-21,1.296,1.342,0.52083
246,2007-10-28,1.296,1.319,0.52332
247,2007-11-05,1.248,1.271,0.52062
248,2007-11-12,1.252,1.275,0.52308
249,2007-11-19,1.252,1.259,0.52551
250,2007-11-26,1.287,1.295,0.52792
251,2007-12-03,1.308,1.315,0.5303
252,2007-12-10,1.308,1.283,0.53266
253,2007-12-17,1.323,1.297,0.535
254,2007-12-24,1.323,1.292,0.53731
255,2007-12-31,1.323,1.234,0.5396
256,2008-01-07,1.313,1.225,0.54187
257,2008-01-14,1.242,1.158,0.53922
258,2008-01-21,1.247,1.163,0.53659
259,2008-01-28,1.307,1.22,0.53883
260,2008-02-04,1.247,1.164,0.53623
261,2008-02-11,1.265,1.18,0.53846
262,2008-02-18,1.268,1.183,0.54067
263,2008-02-25,1.247,1.163,0.5381
264,2008-03-03,1.212,1.13,0.53555
265,2008-03-09,1.207,1.126,0.53302
266,2008-03-16,1.246,1.162,0.53521
267,2008-03-23,1.232,1.15,0.53738
268,2008-03-30,1.284,1.198,0.53953
269,2008-04-06,1.249,1.165,0.53704
270,2008-04-13,1.303,1.215,0.53917
271,2008-04-20,1.303,1.222,0.5367
272,2008-04-27,1.303,1.236,0.53425
273,2008-05-04,1.303,1.213,0.53636
274,2008-05-11,1.303,1.246,0.53394
275,2008-05-18,1.303,1.203,0.53604
276,2008-05-25,1.303,1.224,0.53363
277,2008-06-01,1.303,1.189,0.53571
278,2008-06-08,1.303,1.189,0.53333
279,2008-06-15,1.303,1.152,0.5354
280,2008-06-22,1.303,1.117,0.53744
281,2008-06-29,1.287,1.104,0.53509
282,2008-07-06,1.263,1.083,0.53275
283,2008-07-13,1.285,1.102,0.53478
284,2008-07-20,1.285,1.099,0.53247
285,2008-07-27,1.287,1.102,0.53448
286,2008-08-03,1.324,1.133,0.53648
287,2008-08-10,1.324,1.135,0.53419
288,2008-08-17,1.324,1.129,0.53191
289,2008-08-24,1.324,1.121,0.5339
290,2008-08-31,1.324,1.086,0.53586
291,2008-09-07,1.324,1.094,0.53782
292,2008-09-14,1.327,1.097,0.53556
293,2008-09-21,1.283,1.06,0.53333
294,2008-09-28,1.163,0.961,0.53112
295,2008-10-05,1.163,0.786,0.53306
296,2008-10-12,1.163,0.822,0.53498
297,2008-10-19,1.163,0.766,0.53689
298,2008-10-26,1.163,0.847,0.53469
299,2008-11-03,1.117,0.814,0.53659
300,2008-11-10,1.048,0.763,0.53441
301,2008-11-17,0.96,0.699,0.53226
302,2008-11-24,1.076,0.783,0.53414
303,2008-12-01,1.051,0.766,0.532
304,2008-12-08,1.051,0.769,0.52988
305,2008-12-15,1.051,0.776,0.52778
306,2008-12-22,1.034,0.763,0.52964
307,2008-12-29,1.103,0.814,0.5315
308,2009-01-05,1.054,0.778,0.52941
309,2009-01-12,1.007,0.743,0.52734
310,2009-01-19,1.007,0.727,0.52918
311,2009-01-26,1.007,0.722,0.52713
312,2009-02-02,1.059,0.759,0.52896
313,2009-02-09,1.008,0.723,0.53077
314,2009-02-16,0.939,0.673,0.52874
315,2009-02-23,0.939,0.642,0.52672
316,2009-03-02,0.873,0.597,0.52471
317,2009-03-08,0.966,0.661,0.52652
318,2009-03-15,0.966,0.672,0.5283
319,2009-03-22,1.026,0.713,0.53008
320,2009-03-29,1.026,0.736,0.52809
321,2009-04-05,1.026,0.749,0.52612
322,2009-04-12,1.026,0.76,0.52416
323,2009-04-19,1.022,0.757,0.52222
324,2009-04-26,1.022,0.767,0.5203
325,2009-05-03,1.022,0.812,0.51838
326,2009-05-10,1.022,0.772,0.52015
327,2009-05-17,1.026,0.775,0.5219
328,2009-05-24,1.026,0.803,0.52
329,2009-05-31,1.05,0.822,0.51812
330,2009-06-07,1.057,0.827,0.51986
331,2009-06-14,1.029,0.805,0.52158
332,2009-06-21,1.029,0.803,0.51971
333,2009-06-28,1.029,0.784,0.52143
334,2009-07-05,1.009,0.768,0.51957
335,2009-07-12,1.009,0.822,0.51773
336,2009-07-19,1.009,0.856,0.5159
337,2009-07-26,1.017,0.863,0.51408
338,2009-08-02,1.041,0.883,0.51579
339,2009-08-09,1.041,0.878,0.51399
340,2009-08-16,1.041,0.897,0.51568
341,2009-08-23,1.044,0.899,0.51736
342,2009-08-30,1.044,0.888,0.51903
343,2009-09-06,1.044,0.911,0.51724
344,2009-09-13,1.07,0.934,0.5189
345,2009-09-20,1.046,0.913,0.51712
346,2009-09-27,1.026,0.896,0.51536
347,2009-10-04,1.073,0.937,0.51701
348,2009-10-11,1.073,0.951,0.51525
349,2009-10-18,1.073,0.944,0.51689
350,2009-10-25,1.073,0.906,0.51852
351,2009-11-02,1.107,0.935,0.52013
352,2009-11-09,1.132,0.956,0.52174
353,2009-11-16,1.132,0.954,0.52
354,2009-11-23,1.132,0.954,0.52159
355,2009-11-30,1.147,0.967,0.52318
356,2009-12-07,1.147,0.967,0.52475
357,2009-12-14,1.147,0.964,0.52632
358,2009-12-21,1.147,0.985,0.52459
359,2009-12-28,1.147,0.975,0.52614
360,2010-01-04,1.147,1.001,0.52443
361,2010-01-11,1.147,0.993,0.52273
362,2010-01-18,1.147,0.954,0.52427
363,2010-01-25,1.128,0.939,0.52581
364,2010-02-01,1.12,0.932,0.52412
365,2010-02-08,1.13,0.94,0.52564
366,2010-02-15,1.13,0.969,0.52396
367,2010-02-22,1.13,0.965,0.52229
368,2010-03-01,1.13,0.995,0.52063
369,2010-03-08,1.13,1.005,0.52215
370,2010-03-14,1.13,1.014,0.5205
371,2010-03-21,1.13,1.02,0.52201
372,2010-03-28,1.13,1.03,0.52038
373,2010-04-04,1.13,1.044,0.51875
374,2010-04-11,1.13,1.042,0.52025
375,2010-04-18,1.13,1.064,0.51863
376,2010-04-25,1.13,1.037,0.52012
377,2010-05-02,1.058,0.971,0.51852
378,2010-05-09,1.081,0.993,0.52
379,2010-05-16,1.036,0.951,0.5184
380,2010-05-23,1.037,0.952,0.51988
381,2010-05-30,1.014,0.931,0.51829
382,2010-06-06,1.039,0.954,0.51976
383,2010-06-13,1.039,0.977,0.51818
384,2010-06-20,1.002,0.941,0.51662
385,2010-06-27,0.951,0.894,0.51506
386,2010-07-04,1.003,0.942,0.51652
387,2010-07-11,0.99,0.931,0.51497
388,2010-07-18,1.026,0.964,0.51642
389,2010-07-25,1.025,0.963,0.51488
390,2010-08-01,1.043,0.98,0.51632
391,2010-08-08,1.043,0.943,0.51775
392,2010-08-15,1.036,0.937,0.51917
393,2010-08-22,1.029,0.93,0.52059
394,2010-08-29,1.068,0.965,0.52199
395,2010-09-05,1.068,0.97,0.52339
396,2010-09-12,1.083,0.984,0.52187
397,2010-09-19,1.105,1.004,0.52326
398,2010-09-26,1.103,1.002,0.52174
399,2010-10-03,1.121,1.018,0.52312
400,2010-10-10,1.132,1.028,0.5245
401,2010-10-17,1.132,1.034,0.52299
402,2010-10-24,1.132,1.034,0.52436
403,2010-10-31,1.132,1.071,0.52286
404,2010-11-08,1.132,1.048,0.52422
405,2010-11-15,1.132,1.049,0.52273
406,2010-11-22,1.132,1.04,0.52408
407,2010-11-29,1.132,1.07,0.5226
408,2010-12-06,1.132,1.084,0.52113
409,2010-12-13,1.132,1.087,0.51966
410,2010-12-20,1.132,1.098,0.52101
411,2010-12-27,1.132,1.099,0.52235
412,2011-01-03,1.132,1.111,0.52089
413,2011-01-10,1.132,1.13,0.51944
414,2011-01-17,1.132,1.122,0.52078
415,2011-01-24,1.132,1.116,0.5221
416,2011-01-31,1.132,1.146,0.52066
417,2011-02-07,1.132,1.162,0.51923
418,2011-02-14,1.132,1.174,0.52055
419,2011-02-21,1.132,1.154,0.52186
420,2011-02-28,1.132,1.155,0.52044
421,2011-03-07,1.132,1.14,0.52174
422,2011-03-13,1.132,1.118,0.52304
423,2011-03-20,1.162,1.148,0.52432
424,2011-03-27,1.162,1.165,0.52291
425,2011-04-03,1.162,1.161,0.52419
426,2011-04-10,1.162,1.153,0.52279
427,2011-04-17,1.162,1.169,0.52139
428,2011-04-24,1.162,1.192,0.52267
429,2011-05-01,1.162,1.171,0.52394
430,2011-05-08,1.16,1.169,0.5252
431,2011-05-15,1.156,1.165,0.52381
432,2011-05-22,1.155,1.163,0.52507
433,2011-05-29,1.155,1.136,0.52632
434,2011-06-05,1.129,1.111,0.52493
435,2011-06-12,1.129,1.111,0.52356
436,2011-06-19,1.126,1.109,0.5248
437,2011-06-26,1.19,1.171,0.52604
438,2011-07-03,1.19,1.175,0.52727
439,2011-07-10,1.19,1.15,0.5285
440,2011-07-17,1.216,1.176,0.52972
441,2011-07-24,1.168,1.13,0.52835
442,2011-07-31,1.084,1.048,0.52699
443,2011-08-07,1.065,1.03,0.52564
444,2011-08-14,1.016,0.982,0.5243
445,2011-08-21,1.064,1.029,0.52551
446,2011-08-28,1.061,1.026,0.52672
447,2011-09-04,1.043,1.009,0.52538
448,2011-09-11,1.043,1.063,0.52405
449,2011-09-18,1.043,0.993,0.52525
450,2011-09-25,1.039,0.989,0.52393
451,2011-10-02,1.061,1.01,0.52513
452,2011-10-09,1.061,1.07,0.52381
453,2011-10-16,1.061,1.082,0.525
454,2011-10-23,1.101,1.123,0.52618
455,2011-10-30,1.074,1.095,0.52488
456,2011-11-07,1.083,1.105,0.52605
457,2011-11-14,1.041,1.063,0.52475
458,2011-11-21,1.041,1.013,0.52593
459,2011-11-28,1.118,1.088,0.52709
460,2011-12-05,1.118,1.097,0.5258
461,2011-12-12,1.118,1.066,0.52451
462,2011-12-19,1.16,1.106,0.52567
463,2011-12-26,1.16,1.099,0.52683
464,2012-01-02,1.179,1.117,0.52798
465,2012-01-09,1.179,1.127,0.52913
466,2012-01-16,1.179,1.15,0.52785
467,2012-01-23,1.18,1.151,0.52657
468,2012-01-30,1.205,1.175,0.52771
469,2012-02-06,1.203,1.174,0.52644
470,2012-02-13,1.203,1.19,0.52518
471,2012-02-20,1.203,1.194,0.52392
472,2012-02-27,1.203,1.197,0.52267
473,2012-03-05,1.204,1.198,0.52381
474,2012-03-11,1.204,1.227,0.52257
475,2012-03-18,1.204,1.221,0.5237
476,2012-03-25,1.204,1.231,0.52482
477,2012-04-01,1.204,1.222,0.52594
478,2012-04-08,1.204,1.198,0.52706
479,2012-04-15,1.204,1.205,0.52582
480,2012-04-22,1.204,1.227,0.52459
481,2012-04-29,1.204,1.197,0.5257
482,2012-05-06,1.204,1.183,0.52681
483,2012-05-13,1.204,1.132,0.52791
484,2012-05-20,1.204,1.152,0.52668
485,2012-05-27,1.204,1.117,0.52778
486,2012-06-03,1.204,1.159,0.52656
487,2012-06-10,1.204,1.174,0.52535
488,2012-06-17,1.197,1.167,0.52644
489,2012-06-24,1.222,1.191,0.52752
490,2012-07-01,1.215,1.184,0.52632
491,2012-07-08,1.217,1.186,0.5274
492,2012-07-15,1.217,1.191,0.5262
493,2012-07-22,1.217,1.211,0.52727
494,2012-07-29,1.221,1.216,0.52834
495,2012-08-05,1.221,1.229,0.52715
496,2012-08-12,1.221,1.24,0.52596
497,2012-08-19,1.221,1.233,0.52703
498,2012-08-26,1.217,1.229,0.52584
499,2012-09-02,1.244,1.257,0.52691
500,2012-09-09,1.244,1.281,0.52796
501,2012-09-16,1.244,1.276,0.52679
502,2012-09-23,1.244,1.259,0.52784
503,2012-09-30,1.262,1.277,0.52889
504,2012-10-07,1.262,1.249,0.52993
505,2012-10-14,1.266,1.253,0.52876
506,2012-10-21,1.266,1.234,0.5298
507,2012-10-28,1.268,1.236,0.53084
508,2012-11-05,1.268,1.206,0.53187
509,2012-11-12,1.25,1.189,0.53289
510,2012-11-19,1.25,1.232,0.53173
511,2012-11-26,1.25,1.238,0.53275
512,2012-12-03,1.251,1.239,0.53159
513,2012-12-10,1.251,1.236,0.53261
514,2012-12-17,1.266,1.25,0.53145
515,2012-12-24,1.241,1.226,0.5303
516,2012-12-31,1.298,1.282,0.53132
517,2013-01-07,1.298,1.287,0.53017
518,2013-01-14,1.298,1.299,0.52903
519,2013-01-21,1.298,1.314,0.53004
520,2013-01-28,1.298,1.323,0.53105
521,2013-02-04,1.298,1.327,0.53205
522,2013-02-11,1.298,1.328,0.53092
523,2013-02-18,1.298,1.325,0.53191
524,2013-02-25,1.3,1.327,0.53079
525,2013-03-04,1.329,1.356,0.53178
526,2013-03-10,1.329,1.364,0.53066
527,2013-03-17,1.329,1.361,0.53165
528,2013-03-24,1.339,1.372,0.53263
529,2013-03-31,1.339,1.358,0.53361
530,2013-04-07,1.37,1.389,0.53459
531,2013-04-14,1.37,1.359,0.53556
532,2013-04-21,1.394,1.383,0.53653
533,2013-04-28,1.394,1.411,0.53542
534,2013-05-05,1.394,1.428,0.5343
535,2013-05-12,1.394,1.457,0.5332
536,2013-05-19,1.394,1.442,0.53416
537,2013-05-26,1.378,1.425,0.53306
538,2013-06-02,1.388,1.436,0.53402
539,2013-06-09,1.374,1.422,0.53292
540,2013-06-16,1.345,1.392,0.53183
541,2013-06-23,1.357,1.404,0.53279
542,2013-06-30,1.379,1.426,0.53374
543,2013-07-07,1.419,1.469,0.53469
544,2013-07-14,1.419,1.479,0.5336
545,2013-07-21,1.419,1.479,0.53455
546,2013-07-28,1.419,1.494,0.53347
547,2013-08-04,1.419,1.478,0.53441
548,2013-08-11,1.419,1.447,0.53535
549,2013-08-18,1.426,1.454,0.53629
550,2013-08-25,1.426,1.427,0.53722
551,2013-09-01,1.445,1.447,0.53815
552,2013-09-08,1.445,1.475,0.53707
553,2013-09-15,1.445,1.495,0.536
554,2013-09-22,1.445,1.479,0.53693
555,2013-09-29,1.444,1.478,0.53586
556,2013-10-06,1.455,1.489,0.53678
557,2013-10-13,1.49,1.525,0.5377
558,2013-10-20,1.49,1.538,0.53861
559,2013-10-27,1.49,1.54,0.53953
560,2013-11-04,1.49,1.548,0.53846
561,2013-11-11,1.49,1.572,0.5374
562,2013-11-18,1.49,1.577,0.53831
563,2013-11-25,1.49,1.578,0.53922
564,2013-12-02,1.49,1.578,0.54012
565,2013-12-09,1.466,1.552,0.53906
566,2013-12-16,1.501,1.589,0.53996
567,2013-12-23,1.501,1.609,0.53891
568,2013-12-30,1.501,1.601,0.53981
569,2014-01-06,1.501,1.61,0.53876
570,2014-01-13,1.501,1.607,0.53965
571,2014-01-20,1.501,1.565,0.54054
572,2014-01-27,1.495,1.558,0.5395
573,2014-02-03,1.507,1.571,0.54038
574,2014-02-10,1.542,1.607,0.54127
575,2014-02-17,1.54,1.605,0.54023
576,2014-02-24,1.559,1.625,0.54111
577,2014-03-03,1.559,1.641,0.54198
578,2014-03-09,1.559,1.609,0.54286
579,2014-03-16,1.581,1.631,0.54373
580,2014-03-23,1.573,1.624,0.54459
581,2014-03-30,1.58,1.63,0.54545
582,2014-04-06,1.58,1.587,0.54631
583,2014-04-13,1.622,1.63,0.54717
584,2014-04-20,1.622,1.629,0.54802
585,2014-04-27,1.638,1.644,0.54887
586,2014-05-04,1.638,1.642,0.54972
587,2014-05-11,1.638,1.641,0.54869
588,2014-05-18,1.638,1.661,0.54766
589,2014-05-25,1.638,1.681,0.54851
590,2014-06-01,1.638,1.704,0.54749
591,2014-06-08,1.638,1.692,0.54833
592,2014-06-15,1.661,1.716,0.54917
593,2014-06-22,1.661,1.714,0.55
594,2014-06-29,1.661,1.735,0.54898
595,2014-07-06,1.661,1.72,0.54982
596,2014-07-13,1.669,1.729,0.55064
597,2014-07-20,1.67,1.729,0.54963
598,2014-07-27,1.625,1.683,0.54862
599,2014-08-03,1.63,1.688,0.54945
600,2014-08-10,1.65,1.709,0.55027
601,2014-08-17,1.678,1.738,0.55109
602,2014-08-24,1.678,1.751,0.55191
603,2014-08-31,1.678,1.755,0.55091
604,2014-09-07,1.678,1.735,0.55172
605,2014-09-14,1.699,1.757,0.55254
606,2014-09-21,1.699,1.733,0.55335
607,2014-09-28,1.686,1.72,0.55415
608,2014-10-05,1.633,1.666,0.55315
609,2014-10-12,1.617,1.649,0.55216
610,2014-10-19,1.683,1.717,0.55296
611,2014-10-26,1.729,1.764,0.55376
612,2014-11-03,1.741,1.776,0.55456
613,2014-11-10,1.748,1.783,0.55357
614,2014-11-17,1.748,1.804,0.55258
615,2014-11-24,1.748,1.807,0.55338
616,2014-12-01,1.748,1.814,0.5524
617,2014-12-08,1.748,1.75,0.55319
618,2014-12-15,1.808,1.81,0.55398
619,2014-12-22,1.823,1.826,0.55477
620,2014-12-29,1.797,1.799,0.55379
621,2015-01-05,1.785,1.787,0.55458
622,2015-01-12,1.763,1.765,0.5536
623,2015-01-19,1.791,1.793,0.55439
624,2015-01-26,1.791,1.744,0.55517
625,2015-02-02,1.845,1.797,0.55594
626,2015-02-09,1.845,1.833,0.55497
627,2015-02-16,1.845,1.844,0.55401
628,2015-02-23,1.84,1.839,0.55478
629,2015-03-02,1.84,1.81,0.55556
630,2015-03-08,1.824,1.795,0.55459
631,2015-03-15,1.824,1.843,0.55363
632,2015-03-22,1.824,1.801,0.5544
633,2015-03-29,1.83,1.807,0.55517
634,2015-04-05,1.83,1.837,0.55422
635,2015-04-12,1.83,1.819,0.55498
636,2015-04-19,1.83,1.851,0.55403
637,2015-04-26,1.83,1.843,0.55479
638,2015-05-03,1.83,1.85,0.55556
639,2015-05-10,1.83,1.855,0.55461
640,2015-05-17,1.83,1.858,0.55366
641,2015-05-24,1.83,1.842,0.55442
642,2015-05-31,1.83,1.829,0.55518
643,2015-06-07,1.83,1.83,0.55424
644,2015-06-14,1.83,1.844,0.55499
645,2015-06-21,1.83,1.837,0.55574
646,2015-06-28,1.83,1.815,0.55649
647,2015-07-05,1.83,1.815,0.55556
648,2015-07-12,1.874,1.859,0.5563
649,2015-07-19,1.874,1.818,0.55705
650,2015-07-26,1.874,1.839,0.55611
651,2015-08-02,1.874,1.816,0.55686
652,2015-08-09,1.874,1.828,0.55593
653,2015-08-16,1.874,1.723,0.55667
654,2015-08-23,1.891,1.738,0.5574
655,2015-08-30,1.826,1.679,0.55648
656,2015-09-06,1.864,1.714,0.55721
657,2015-09-13,1.861,1.711,0.55795
658,2015-09-20,1.836,1.688,0.55702
659,2015-09-27,1.855,1.706,0.55776
660,2015-10-04,1.915,1.761,0.55848
661,2015-10-11,1.915,1.777,0.55757
662,2015-10-18,1.955,1.814,0.55829
663,2015-10-25,1.959,1.817,0.55738
664,2015-11-02,1.978,1.835,0.5581
665,2015-11-09,1.978,1.768,0.55882
666,2015-11-16,2.042,1.826,0.55954
667,2015-11-23,2.042,1.827,0.55863
668,2015-11-30,2.044,1.828,0.55935
669,2015-12-07,1.966,1.759,0.55844
670,2015-12-14,1.96,1.753,0.55916
671,2015-12-21,2.014,1.801,0.55987
672,2015-12-28,2.014,1.786,0.56058
673,2016-01-04,1.894,1.68,0.55968
674,2016-01-11,1.853,1.643,0.55878
675,2016-01-18,1.879,1.667,0.55949
676,2016-01-25,1.912,1.696,0.56019
677,2016-02-01,1.912,1.643,0.5609
678,2016-02-08,1.912,1.63,0.5616
679,2016-02-15,1.966,1.676,0.5623
680,2016-02-22,1.997,1.703,0.563
681,2016-02-29,1.997,1.748,0.5621
682,2016-03-07,1.997,1.767,0.56121
683,2016-03-13,1.997,1.791,0.56032
684,2016-03-20,1.997,1.779,0.56101
685,2016-03-27,1.997,1.812,0.56013
686,2016-04-03,1.997,1.79,0.56082
687,2016-04-10,1.997,1.819,0.55994
688,2016-04-17,1.997,1.828,0.55906
689,2016-04-24,1.997,1.805,0.55975
690,2016-05-01,1.997,1.798,0.55887
691,2016-05-08,1.987,1.789,0.55799
692,2016-05-15,1.992,1.794,0.55712
693,2016-05-22,1.992,1.835,0.55625
694,2016-05-29,1.992,1.835,0.55694
695,2016-06-05,1.992,1.832,0.55763
696,2016-06-12,1.992,1.81,0.55832
697,2016-06-19,1.96,1.781,0.55745
698,2016-06-26,2.023,1.838,0.55814
699,2016-07-03,2.049,1.862,0.55882
700,2016-07-10,2.049,1.889,0.55796
701,2016-07-17,2.049,1.901,0.5571
702,2016-07-24,2.049,1.9,0.55624
703,2016-07-31,2.049,1.908,0.55538
704,2016-08-07,2.049,1.909,0.55607
705,2016-08-14,2.049,1.909,0.55521
706,2016-08-21,2.049,1.896,0.5559
707,2016-08-28,2.059,1.905,0.55657
708,2016-09-04,2.059,1.86,0.55725
709,2016-09-11,2.07,1.87,0.55793
710,2016-09-18,2.095,1.892,0.5586
711,2016-09-25,2.095,1.895,0.55927
712,2016-10-02,2.095,1.882,0.55994
713,2016-10-09,2.095,1.864,0.56061
714,2016-10-16,2.103,1.871,0.56127
715,2016-10-23,2.103,1.859,0.56193
716,2016-10-30,2.103,1.823,0.56259
717,2016-11-07,2.183,1.892,0.56325
718,2016-11-14,2.201,1.907,0.56391
719,2016-11-21,2.201,1.935,0.56306
720,2016-11-28,2.201,1.916,0.56372
721,2016-12-05,2.201,1.975,0.56287
722,2016-12-12,2.201,1.974,0.56353
723,2016-12-19,2.201,1.979,0.56269
724,2016-12-26,2.201,1.957,0.56334
725,2017-01-02,2.238,1.99,0.56399
726,2017-01-09,2.238,1.988,0.56315
727,2017-01-16,2.238,1.985,0.5638
728,2017-01-23,2.238,2.006,0.56296
729,2017-01-30,2.238,2.008,0.56361
730,2017-02-06,2.238,2.024,0.56278
731,2017-02-13,2.238,2.055,0.56342
732,2017-02-20,2.238,2.069,0.56259
733,2017-02-27,2.238,2.083,0.56176
734,2017-03-06,2.238,2.074,0.56241
735,2017-03-12,2.238,2.079,0.56158
736,2017-03-19,2.238,2.049,0.56223
737,2017-03-26,2.256,2.065,0.56287
738,2017-04-02,2.256,2.059,0.5635
739,2017-04-09,2.256,2.036,0.56414
740,2017-04-16,2.275,2.053,0.56477
741,2017-04-23,2.275,2.084,0.56395
742,2017-04-30,2.275,2.097,0.56313
743,2017-05-07,2.275,2.09,0.56232
744,2017-05-14,2.275,2.082,0.56295
745,2017-05-21,2.308,2.112,0.56358
746,2017-05-28,2.308,2.132,0.56277
747,2017-06-04,2.308,2.125,0.5634
748,2017-06-11,2.308,2.127,0.56259
749,2017-06-18,2.312,2.131,0.56322
750,2017-06-25,2.312,2.118,0.56385
751,2017-07-02,2.314,2.12,0.56304
752,2017-07-09,2.347,2.15,0.56366
753,2017-07-16,2.347,2.161,0.56286
754,2017-07-23,2.347,2.161,0.56348
755,2017-07-30,2.347,2.165,0.56268
756,2017-08-06,2.313,2.134,0.56188
757,2017-08-13,2.298,2.12,0.5625
758,2017-08-20,2.315,2.135,0.56312
759,2017-08-27,2.315,2.165,0.56232
760,2017-09-03,2.315,2.151,0.56294
761,2017-09-10,2.315,2.185,0.56215
762,2017-09-17,2.315,2.187,0.56135
763,2017-09-24,2.315,2.202,0.56056
764,2017-10-01,2.315,2.228,0.56118
765,2017-10-08,2.315,2.232,0.56039
766,2017-10-15,2.315,2.251,0.56101
767,2017-10-22,2.315,2.256,0.56022
768,2017-10-29,2.315,2.262,0.55944
769,2017-11-06,2.315,2.257,0.56006
770,2017-11-13,2.312,2.254,0.55927
771,2017-11-20,2.333,2.275,0.55989
772,2017-11-27,2.333,2.309,0.5605
773,2017-12-04,2.341,2.318,0.56111
774,2017-12-11,2.341,2.339,0.56033
775,2017-12-18,2.341,2.345,0.56094
776,2017-12-25,2.341,2.337,0.56155
777,2018-01-01,2.402,2.398,0.56215
778,2018-01-08,2.402,2.435,0.56276
779,2018-01-15,2.402,2.456,0.56336
780,2018-01-22,2.455,2.511,0.56396
781,2018-01-29,2.361,2.414,0.56319
782,2018-02-05,2.239,2.29,0.56241
783,2018-02-12,2.239,2.388,0.56164
784,2018-02-19,2.251,2.401,0.56224
785,2018-02-26,2.205,2.352,0.56148
786,2018-03-05,2.205,2.436,0.56071
787,2018-03-11,2.178,2.405,0.55995
788,2018-03-18,2.048,2.262,0.55918
789,2018-03-25,2.048,2.308,0.55842
790,2018-04-01,2.02,2.276,0.55767
791,2018-04-08,2.02,2.322,0.55691
792,2018-04-15,2.031,2.334,0.55751
793,2018-04-22,2.031,2.334,0.55676
794,2018-04-29,2.031,2.328,0.55601
795,2018-05-06,2.031,2.384,0.55526
796,2018-05-13,2.031,2.371,0.55585
797,2018-05-20,2.037,2.379,0.55645
798,2018-05-27,2.047,2.39,0.5557
799,2018-06-03,2.047,2.429,0.55496
800,2018-06-10,2.047,2.43,0.55422
801,2018-06-17,2.047,2.408,0.55481
802,2018-06-24,2.02,2.376,0.55407
803,2018-07-01,2.05,2.412,0.55467
804,2018-07-08,2.05,2.448,0.55393
805,2018-07-15,2.05,2.449,0.55452
806,2018-07-22,2.05,2.464,0.55511
807,2018-07-29,2.05,2.483,0.55438
808,2018-08-05,2.05,2.476,0.55497
809,2018-08-12,2.05,2.491,0.55423
810,2018-08-19,2.05,2.513,0.5535
811,2018-08-26,2.05,2.536,0.55409
812,2018-09-02,2.05,2.51,0.55468
813,2018-09-09,2.074,2.539,0.55526
814,2018-09-16,2.074,2.561,0.55453
815,2018-09-23,2.074,2.547,0.55512
816,2018-09-30,2.074,2.522,0.5557
817,2018-10-07,2.074,2.419,0.55628
818,2018-10-14,2.075,2.419,0.55686
819,2018-10-21,1.993,2.324,0.55614
820,2018-10-28,2.041,2.38,0.55671
821,2018-11-05,2.085,2.431,0.55729
822,2018-11-12,2.051,2.392,0.55657
823,2018-11-19,1.973,2.301,0.55584
824,2018-11-26,2.069,2.413,0.55642
825,2018-12-03,1.974,2.301,0.5557
826,2018-12-10,1.949,2.272,0.55627
827,2018-12-17,1.811,2.112,0.55556
828,2018-12-24,1.863,2.173,0.55613
829,2018-12-31,1.898,2.213,0.5567
830,2019-01-07,1.898,2.269,0.55598
831,2019-01-14,1.952,2.334,0.55656
832,2019-01-21,1.948,2.329,0.55712
833,2019-01-28,1.979,2.366,0.55769
834,2019-02-04,1.979,2.367,0.55698
835,2019-02-11,1.979,2.426,0.55627
836,2019-02-18,1.979,2.441,0.55556
837,2019-02-25,1.979,2.451,0.55612
838,2019-03-04,1.936,2.398,0.55541
839,2019-03-10,1.936,2.467,0.55471
840,2019-03-17,1.921,2.448,0.554
841,2019-03-24,1.944,2.477,0.55457
842,2019-03-31,1.944,2.528,0.55387
843,2019-04-07,1.944,2.541,0.55316
844,2019-04-14,1.944,2.539,0.55373
845,2019-04-21,1.944,2.57,0.55429
846,2019-04-28,1.944,2.575,0.55485
847,2019-05-05,1.944,2.518,0.55542
848,2019-05-12,1.929,2.499,0.55597
849,2019-05-19,1.929,2.47,0.55528
850,2019-05-26,1.929,2.405,0.55583
851,2019-06-02,2.014,2.511,0.55639
852,2019-06-09,2.014,2.523,0.55569
853,2019-06-16,2.014,2.579,0.55625
854,2019-06-23,2.008,2.571,0.5568
855,2019-06-30,2.008,2.614,0.55611
856,2019-07-07,2.008,2.634,0.55542
857,2019-07-14,2.008,2.602,0.55597
858,2019-07-21,2.008,2.645,0.55528
859,2019-07-28,2.008,2.563,0.55583
860,2019-08-04,1.999,2.551,0.55514
861,2019-08-11,1.999,2.525,0.55569
862,2019-08-18,1.999,2.488,0.55624
863,2019-08-25,2.055,2.558,0.55679
864,2019-09-01,2.091,2.604,0.55734
865,2019-09-08,2.091,2.629,0.55665
866,2019-09-15,2.081,2.615,0.55597
867,2019-09-22,2.081,2.589,0.55651
868,2019-09-29,2.074,2.58,0.55706
869,2019-10-06,2.074,2.596,0.55637
870,2019-10-13,2.074,2.61,0.55569
871,2019-10-20,2.099,2.642,0.55623
872,2019-10-27,2.099,2.681,0.55556
873,2019-11-04,2.099,2.703,0.55488
874,2019-11-11,2.099,2.727,0.5542
875,2019-11-18,2.099,2.719,0.55474
876,2019-11-25,2.099,2.745,0.55529
877,2019-12-02,2.099,2.75,0.55583
878,2019-12-09,2.099,2.77,0.55515
879,2019-12-16,2.099,2.815,0.55448
880,2019-12-23,2.099,2.832,0.55502
881,2019-12-30,2.099,2.827,0.55556
882,2020-01-06,2.099,2.854,0.55489
883,2020-01-13,2.099,2.91,0.55422
884,2020-01-20,2.099,2.88,0.55475
885,2020-01-27,2.055,2.819,0.55409
886,2020-02-03,2.12,2.909,0.55462
887,2020-02-10,2.12,2.954,0.55396
888,2020-02-17,2.093,2.917,0.55329
889,2020-02-24,1.853,2.582,0.55263
890,2020-03-02,1.864,2.598,0.55197
891,2020-03-08,1.7,2.37,0.55131
892,2020-03-15,1.7,2.015,0.55185
893,2020-03-22,1.875,2.221,0.55238
894,2020-03-29,1.836,2.175,0.55291
895,2020-04-05,2.058,2.438,0.55344
896,2020-04-12,2.058,2.512,0.55279
897,2020-04-19,2.031,2.479,0.55332
898,2020-04-26,2.026,2.474,0.55266
899,2020-05-03,2.026,2.561,0.55201
900,2020-05-10,1.981,2.503,0.55136
901,2020-05-17,2.044,2.583,0.55189
902,2020-05-24,2.106,2.661,0.55241
903,2020-05-31,2.209,2.792,0.55294
904,2020-06-07,2.103,2.658,0.55229
905,2020-06-14,2.103,2.708,0.55164
906,2020-06-21,2.043,2.63,0.55217
907,2020-06-28,2.125,2.736,0.55269
908,2020-07-05,2.125,2.784,0.55205
909,2020-07-12,2.125,2.819,0.5514
910,2020-07-19,2.125,2.811,0.55193
911,2020-07-26,2.125,2.859,0.55128
912,2020-08-02,2.125,2.929,0.55064
913,2020-08-09,2.139,2.948,0.55116
914,2020-08-16,2.139,2.969,0.55168
915,2020-08-23,2.139,3.066,0.5522
916,2020-08-30,2.139,2.995,0.55272
917,2020-09-06,2.085,2.92,0.55324
918,2020-09-13,2.072,2.901,0.55376
919,2020-09-20,2.059,2.883,0.55312
920,2020-09-27,2.059,2.927,0.55363
921,2020-10-04,2.138,3.039,0.55415
922,2020-10-11,2.138,3.045,0.55466
923,2020-10-18,2.127,3.029,0.55402
924,2020-10-25,2.007,2.858,0.55339
925,2020-11-02,2.154,3.067,0.5539
926,2020-11-09,2.154,3.134,0.55326
927,2020-11-16,2.154,3.109,0.55378
928,2020-11-23,2.154,3.18,0.55314
929,2020-11-30,2.154,3.233,0.55251
930,2020-12-07,2.154,3.202,0.55302
931,2020-12-14,2.154,3.242,0.55239
932,2020-12-21,2.154,3.237,0.55176
933,2020-12-28,2.154,3.283,0.55227
934,2021-01-04,2.154,3.343,0.55165
935,2021-01-11,2.154,3.294,0.55215
936,2021-01-18,2.196,3.358,0.55266
937,2021-01-25,2.196,3.246,0.55317
938,2021-02-01,2.298,3.397,0.55367
939,2021-02-08,2.298,3.439,0.55305
940,2021-02-15,2.298,3.415,0.55355
941,2021-02-22,2.298,3.331,0.55405
942,2021-03-01,2.316,3.358,0.55456
943,2021-03-08,2.316,3.447,0.55393
944,2021-03-14,2.316,3.42,0.55443
945,2021-03-21,2.316,3.474,0.55381
946,2021-03-28,2.316,3.514,0.55319
947,2021-04-04,2.316,3.609,0.55257
948,2021-04-11,2.316,3.658,0.55196
949,2021-04-18,2.316,3.654,0.55246
950,2021-04-25,2.317,3.655,0.55184
951,2021-05-02,2.345,3.699,0.55234
952,2021-05-09,2.345,3.648,0.55284
953,2021-05-16,2.335,3.632,0.55222
954,2021-05-23,2.362,3.675,0.55272
955,2021-05-30,2.362,3.697,0.55211
956,2021-06-06,2.362,3.712,0.5515
957,2021-06-13,2.362,3.642,0.55199
958,2021-06-20,2.427,3.742,0.55249
959,2021-06-27,2.427,3.804,0.55188
960,2021-07-04,2.427,3.819,0.55237
961,2021-07-11,2.427,3.782,0.55286
962,2021-07-18,2.474,3.856,0.55336
963,2021-07-25,2.465,3.842,0.55275
964,2021-08-01,2.488,3.878,0.55324
965,2021-08-08,2.488,3.905,0.55263
966,2021-08-15,2.488,3.882,0.55312
967,2021-08-22,2.526,3.941,0.55361
968,2021-08-29,2.541,3.964,0.55301
969,2021-09-05,2.541,3.897,0.55349
970,2021-09-12,2.526,3.875,0.55398
971,2021-09-19,2.539,3.894,0.55447
972,2021-09-26,2.539,3.808,0.55495
973,2021-10-03,2.559,3.838,0.55543
974,2021-10-10,2.559,3.908,0.55483
975,2021-10-17,2.559,3.972,0.55423
976,2021-10-24,2.559,4.025,0.55471
977,2021-10-31,2.559,4.106,0.55519
978,2021-11-08,2.551,4.093,0.55568
979,2021-11-15,2.559,4.106,0.55508
980,2021-11-22,2.503,4.016,0.55448
981,2021-11-29,2.472,3.967,0.55388
982,2021-12-06,2.567,4.119,0.55436
983,2021-12-13,2.567,4.039,0.55484
984,2021-12-20,2.567,4.131,0.55424
985,2021-12-27,2.567,4.166,0.55365
986,2022-01-03,2.567,4.088,0.55413
987,2022-01-10,2.567,4.076,0.5546
988,2022-01-17,2.421,3.844,0.55401
989,2022-01-24,2.44,3.874,0.55449
990,2022-01-31,2.478,3.934,0.55496
991,2022-02-07,2.433,3.862,0.55437
992,2022-02-14,2.394,3.801,0.55378
993,2022-02-21,2.414,3.832,0.55426
994,2022-02-28,2.414,3.784,0.55473
995,2022-03-07,2.344,3.675,0.5552
996,2022-03-13,2.344,3.901,0.55461
997,2022-03-20,2.344,3.971,0.55403
998,2022-03-27,2.346,3.973,0.5545
999,2022-04-03,2.316,3.923,0.55391
1000,2022-04-10,2.316,3.839,0.55438
1001,2022-04-17,2.316,3.734,0.55485
1002,2022-04-24,2.24,3.611,0.55427
1003,2022-05-01,2.236,3.604,0.55474
1004,2022-05-08,2.182,3.517,0.55521
1005,2022-05-15,2.115,3.41,0.55462
1006,2022-05-22,2.255,3.634,0.55509
1007,2022-05-29,2.228,3.591,0.55556
1008,2022-06-05,2.228,3.41,0.55602
1009,2022-06-12,2.099,3.212,0.55544
1010,2022-06-19,2.234,3.419,0.5559
1011,2022-06-26,2.184,3.343,0.55637
1012,2022-07-03,2.227,3.408,0.55683
1013,2022-07-10,2.206,3.377,0.55729
1014,2022-07-17,2.206,3.463,0.55671
1015,2022-07-24,2.206,3.61,0.55613
1016,2022-07-31,2.214,3.623,0.55659
1017,2022-08-07,2.214,3.741,0.55602
1018,2022-08-14,2.214,3.696,0.55648
1019,2022-08-21,2.214,3.547,0.55694
1020,2022-08-28,2.214,3.43,0.55636
1021,2022-09-04,2.295,3.555,0.55682
1022,2022-09-11,2.295,3.385,0.55728
1023,2022-09-18,2.295,3.228,0.55773
1024,2022-09-25,2.228,3.134,0.55716
1025,2022-10-02,2.261,3.181,0.55761
1026,2022-10-09,2.226,3.132,0.55704
1027,2022-10-16,2.332,3.28,0.55749
1028,2022-10-23,2.424,3.41,0.55795
1029,2022-10-30,2.343,3.296,0.5584
1030,2022-11-07,2.481,3.49,0.55885
1031,2022-11-14,2.481,3.466,0.5593
1032,2022-11-21,2.481,3.519,0.55873
1033,2022-11-28,2.481,3.559,0.55816
1034,2022-12-05,2.481,3.439,0.55861
1035,2022-12-12,2.481,3.367,0.55804
1036,2022-12-19,2.481,3.361,0.55748
1037,2022-12-26,2.481,3.356,0.55793
1038,2023-01-02,2.481,3.404,0.55736
1039,2023-01-09,2.481,3.495,0.5568
1040,2023-01-16,2.481,3.472,0.55724
1041,2023-01-23,2.481,3.558,0.55668
1042,2023-01-30,2.481,3.615,0.55612
1043,2023-02-06,2.481,3.575,0.55657
1044,2023-02-13,2.481,3.565,0.556
1045,2023-02-20,2.481,3.47,0.55645
1046,2023-02-24,2.481,3.47,0.55589
