Date,Open,High,Low,Close,Adj Close,Volume,Log Return
2013-02-11,38.709999,38.830002,36.540001,37.419998,27.317354,110757100,0.0
2013-02-18,37.509998,38.52,37.41,38.52,28.120378,62037800,0.028972331352741375
2013-02-25,38.560001,38.970001,37.720001,38.700001,28.251781,78645700,0.0046619906111582616
2013-03-04,38.599998,39.419998,38.450001,39.220001,28.631397,61107400,0.013347413036866148
2013-03-11,39.200001,39.380001,38.549999,38.830002,28.346691,70289000,-0.009993609105117079
2013-03-18,38.610001,40.43,38.57,40.040001,29.441605,85135900,0.037898506252903474
2013-03-25,40.110001,40.700001,39.959999,40.439999,29.735729,58172000,0.009940509383318617
2013-04-01,40.389999,40.900002,40.009998,40.080002,29.471018,57364300,-0.008941979664352265
2013-04-08,40.060001,41.41,39.77,41.080002,30.206316,74874900,0.024643701830492876
2013-04-15,40.849998,42.77,40.049999,42.66,31.368109,102304300,0.037740698275706086
2013-04-22,42.52,42.959999,42.080002,42.099998,30.956335,58485400,-0.013214076701589717
2013-04-29,42.240002,42.560001,41.490002,42.240002,31.059271,63921300,0.0033196835819714944
2013-05-06,42.290001,42.709999,41.849998,42.150002,30.993086,55818400,-0.002133199391543389
2013-05-13,42.139999,43.43,42.0,42.970001,31.59606,59562300,0.019268281923234456
2013-05-20,42.950001,42.950001,41.5,42.240002,31.059271,55206700,-0.01713508253169095
2013-05-27,42.599998,43.049999,39.990002,39.990002,29.404846,78457600,-0.05473785604958433
2013-06-03,39.950001,41.73,39.630001,41.41,30.448986,77878700,0.034893202415173546
2013-06-10,41.5,41.52,39.68,40.34,29.662188,70846400,-0.026179589733483912
2013-06-17,40.540001,41.439999,38.970001,39.759998,29.43779,86076400,-0.007593880267183155
2013-06-24,39.450001,40.880001,39.130001,40.110001,29.696922,71006500,0.008764180966244086
2013-07-01,40.5,40.919998,40.029999,40.52,30.000479,38669600,0.010169944126957441
2013-07-08,40.650002,41.150002,40.419998,41.029999,30.378078,52412100,0.012507881658814274
2013-07-15,41.049999,41.25,39.5,41.09,30.422503,84617000,0.0014613349798679178
2013-07-22,41.080002,41.139999,40.009998,40.639999,30.089331,50763900,-0.0110119077453477
2013-07-29,40.610001,40.75,39.91,40.220001,29.778364,71976200,-0.010388567546667163
2013-08-05,40.18,40.470001,40.02,40.16,29.73394,46383300,-0.0014929352508759241
2013-08-12,40.040001,40.099998,38.709999,39.049999,28.912109,76098800,-0.028028650393507194
2013-08-19,39.049999,39.139999,38.099998,38.52,28.519709,59560900,-0.013665111775658845
2013-08-26,38.599998,38.599998,37.799999,38.18,28.267977,77240600,-0.008865782940570704
2013-09-02,38.27,38.73,37.799999,38.349998,28.393841,66474500,0.004442646263692252
2013-09-09,38.52,38.779999,38.27,38.689999,28.645576,58097000,0.008826760428600375
2013-09-16,39.029999,39.669998,38.580002,39.400002,29.383408,89190700,0.02543114541592293
2013-09-23,39.16,39.189999,38.150002,38.400002,28.637634,69096300,-0.025708434347562335
2013-09-30,38.189999,38.299999,36.91,37.200001,27.742708,88617100,-0.031748696061736026
2013-10-07,37.080002,37.919998,36.830002,37.77,28.167795,87620100,0.015206273177940866
2013-10-14,37.560001,38.779999,37.509998,38.779999,28.921026,88671400,0.026389569775417954
2013-10-21,38.950001,39.369999,38.599998,39.029999,29.107473,74206700,0.006426071492936226
2013-10-28,39.02,39.959999,38.990002,39.610001,29.540016,70395600,0.014750873408920165
2013-11-04,39.709999,40.25,39.220001,40.049999,29.868162,66161900,0.011047278282208728
2013-11-11,40.009998,40.439999,39.619999,40.220001,29.994938,54756200,0.004235537067999309
2013-11-18,40.240002,40.490002,39.919998,40.43,30.151539,87752000,0.005207332554821995
2013-11-25,40.48,40.880001,39.689999,40.189999,29.972563,46849700,-0.005953570122344724
2013-12-02,40.099998,40.5,39.75,40.459999,30.3853,77255500,0.01367654230709224
2013-12-09,40.400002,40.5,39.18,39.23,29.461569,77023500,-0.030872270559224226
2013-12-16,39.459999,40.189999,38.869999,40.040001,30.069881,93131300,0.020437371287853057
2013-12-23,40.099998,40.790001,39.869999,40.66,30.535498,31077500,0.015365836135585866
2013-12-30,40.77,41.389999,40.349998,40.459999,30.3853,45758700,-0.00493093686421469
2014-01-06,40.48,40.720001,39.52,40.130001,30.13747,65608400,-0.008189690762104847
2014-01-13,40.0,40.130001,39.279999,39.279999,29.499126,64793700,-0.021408612280977877
2014-01-20,39.639999,40.09,38.82,38.84,29.168684,58756300,-0.01126496777033135
2014-01-27,38.82,39.080002,37.720001,37.82,28.402676,77140500,-0.026612301937563657
2014-02-03,38.02,38.939999,37.099998,37.950001,28.500301,97640300,0.003431282541999122
2014-02-10,38.07,39.02,37.84,38.93,29.236279,73337600,0.025495720979410576
2014-02-17,37.98,38.110001,36.889999,37.18,27.922028,114803300,-0.045994458242303374
2014-02-24,37.299999,38.389999,37.220001,38.200001,28.688044,99450700,0.027064539244482516
2014-03-03,37.880001,38.610001,37.849998,38.549999,28.95089,85223600,0.009120495602284322
2014-03-10,38.549999,38.84,37.880001,38.169998,28.66552,77016600,-0.009905939420839838
2014-03-17,38.169998,38.830002,37.950001,38.439999,29.097012,89382700,0.014940481707704551
2014-03-24,38.48,39.029999,38.209999,38.950001,29.483061,72961000,0.013180406544961889
2014-03-31,38.990002,39.029999,38.040001,38.220001,28.930489,94282200,-0.0189198733238572
2014-04-07,38.27,39.400002,38.259998,38.630001,29.240835,83206900,0.010670169531200726
2014-04-14,38.709999,40.720001,38.400002,40.720001,30.822849,107386000,0.05269007434831468
2014-04-21,40.470001,41.009998,40.349998,41.009998,31.042368,70312300,0.0070967154712786185
2014-04-28,40.82,41.279999,40.259998,40.950001,30.996941,81609900,-0.0014644588681254128
2014-05-05,40.650002,40.970001,40.450001,40.869999,30.93638,47694100,-0.001955684543456501
2014-05-12,40.880001,41.220001,40.439999,40.889999,30.951538,56724800,0.0004898532958598909
2014-05-19,40.599998,40.93,40.419998,40.580002,30.716883,40491900,-0.007610252661442056
2014-05-26,40.560001,40.919998,40.48,40.91,30.966663,39132800,0.008098800456971122
2014-06-02,40.75,41.060001,40.630001,40.990002,31.027239,44722200,0.0019542573486962304
2014-06-09,40.849998,41.150002,40.25,40.369999,30.557915,46911800,-0.01524176056248347
2014-06-16,40.189999,41.880001,40.150002,41.689999,31.794418,95000800,0.03966700425593684
2014-06-23,41.459999,42.290001,41.330002,42.189999,32.175747,81261600,0.01192223020896521
2014-06-30,41.98,42.490002,41.82,42.23,32.206245,39801100,0.0009474078491142306
2014-07-07,41.959999,42.290001,41.549999,41.970001,32.007965,51311500,-0.0061755997673109304
2014-07-14,41.990002,42.470001,41.830002,42.43,32.358776,61986900,0.010900488922562158
2014-07-21,42.119999,42.57,40.610001,41.0,31.2682,85510800,-0.03428366034691752
2014-07-28,40.990002,41.0,39.060001,39.290001,29.964087,71920300,-0.042602042087747434
2014-08-04,39.41,40.009998,39.099998,39.450001,30.086115,68254000,0.004064205078580273
2014-08-11,39.52,41.150002,39.52,40.880001,31.176682,67162600,0.03560667395485258
2014-08-18,40.790001,41.689999,40.790001,41.119999,31.359707,55130000,0.005853408727280002
2014-08-25,41.32,41.75,41.119999,41.720001,31.817299,43752000,0.014486283259568453
2014-09-01,41.52,42.169998,41.310001,41.84,31.908812,47986900,0.0028720743026705185
2014-09-08,41.669998,42.189999,41.360001,41.459999,31.619015,71129000,-0.009123529762581326
2014-09-15,41.450001,42.349998,41.18,42.049999,32.302601,104332300,0.02138907317635797
2014-09-22,41.849998,42.34,41.709999,42.200001,32.417835,56326200,0.0035609810097546194
2014-09-29,41.900002,43.07,41.880001,43.0,33.032383,96154000,0.018779649021631508
2014-10-06,43.029999,44.869999,42.970001,44.470001,34.16164,122330400,0.03361499380192093
2014-10-13,44.279999,44.630001,42.310001,42.880001,32.940197,109946400,-0.03640967183329249
2014-10-20,42.75,43.470001,40.099998,41.029999,31.519037,138072300,-0.044101992809846516
2014-10-27,40.700001,41.889999,40.509998,41.880001,32.172009,98416300,0.020505076295648125
2014-11-03,41.790001,42.619999,41.59,42.32,32.510014,67345300,0.01045137616430153
2014-11-10,42.25,43.080002,42.09,42.73,32.82497,53368600,0.00964134129844636
2014-11-17,42.75,44.740002,42.73,44.5,34.184677,90057400,0.04058799648166225
2014-11-24,44.509998,45.0,43.970001,44.830002,34.438198,43333700,0.007388852577711819
2014-12-01,44.18,44.77,43.200001,43.529999,33.670673,61506900,-0.022539134217057312
2014-12-08,43.509998,43.630001,40.869999,40.91,31.644091,91474900,-0.06207578819555962
2014-12-15,41.130001,42.790001,39.799999,41.950001,32.448528,109118000,0.025103647128024695
2014-12-22,42.139999,43.299999,42.09,42.959999,33.229774,37475000,0.023791201234340538
2014-12-29,42.799999,43.060001,41.799999,42.139999,32.595501,37207100,-0.01927200854604728
2015-01-05,42.689999,43.57,42.080002,43.029999,33.283909,91079500,0.02089979427408756
2015-01-12,43.07,43.240002,42.07,42.529999,32.897167,63700900,-0.011687522346852592
2015-01-19,42.700001,43.830002,42.610001,43.310001,33.500507,54834700,0.018174028403651496
2015-01-26,43.18,43.23,41.110001,41.169998,31.845196,73556000,-0.05067403442809538
2015-02-02,41.209999,42.09,40.900002,41.450001,32.061787,68235500,0.006778346250199509
2015-02-09,41.380001,43.029999,41.040001,41.990002,32.479477,90661900,0.01294352808012604
2015-02-16,41.810001,42.240002,41.470001,41.970001,32.464008,55154700,-0.0004763834368466187
2015-02-23,41.709999,43.66,41.689999,43.299999,33.492764,77595600,0.031197385989421133
2015-03-02,43.299999,43.299999,41.330002,41.52,32.115929,67217400,-0.041977277915748776
2015-03-09,41.529999,41.549999,39.610001,39.91,30.870586,78439200,-0.039548316418788275
2015-03-16,40.0,40.790001,39.799999,40.650002,31.703882,110814200,0.02663531278825103
2015-03-23,40.639999,40.990002,39.970001,40.080002,31.259321,85101500,-0.014121530245214156
2015-03-30,40.110001,40.900002,39.939999,40.68,31.727285,57810000,0.01485943251530503
2015-04-06,40.77,41.610001,40.59,40.880001,31.883266,60002400,0.004904259126277374
2015-04-13,40.970001,40.970001,40.099998,40.299999,31.430904,60466400,-0.014289682624909953
2015-04-20,40.419998,41.57,40.41,40.889999,31.89106,88616100,0.01453410700467681
2015-04-27,41.0,41.150002,40.279999,40.91,31.906668,57139900,0.0004892964311016746
2015-05-04,40.880001,41.169998,40.389999,40.98,31.96125,58812100,0.001709215361867977
2015-05-11,40.98,41.689999,40.52,41.52,32.382416,54121700,0.013091327902760143
2015-05-18,41.490002,41.59,41.040001,41.209999,32.140636,52729300,-0.007494410886024068
2015-05-25,41.119999,41.299999,40.740002,40.959999,31.945658,54081200,-0.0060848767943981205
2015-06-01,41.360001,41.41,40.080002,40.099998,31.27492,58837900,-0.021219773348751695
2015-06-08,40.099998,40.540001,39.84,39.959999,31.165733,64605400,-0.0034973084375124293
2015-06-15,39.830002,40.740002,39.57,40.400002,31.768852,77645800,0.01916712295170859
2015-06-22,40.509998,40.810001,40.0,40.0,31.454315,57079100,-0.009950137267343652
2015-06-29,39.799999,39.98,39.119999,39.490002,31.053265,50275400,-0.012832219812551972
2015-07-06,39.32,40.580002,39.220001,40.389999,31.760984,68723700,0.02253466243638268
2015-07-13,40.560001,41.599998,40.490002,41.25,32.437244,60729300,0.021068650528022374
2015-07-20,41.349998,41.59,40.41,40.439999,31.800297,63641300,-0.019831639429613246
2015-07-27,40.279999,41.220001,40.16,41.080002,32.30357,54852400,0.015702121071658446
2015-08-03,40.849998,42.25,40.84,41.77,32.846172,69827300,0.016657458023326376
2015-08-10,41.889999,41.990002,40.849998,41.25,32.437244,50534700,-0.012527939665371699
2015-08-17,41.029999,41.529999,39.509998,39.529999,31.084723,77522900,-0.042590792163520484
2015-08-24,37.990002,39.470001,36.560001,39.450001,31.021814,132327800,-0.002025842191622113
2015-08-31,39.150002,39.450001,38.380001,38.52,30.290495,79193400,-0.023856667506941227
2015-09-07,38.869999,39.209999,37.84,38.130001,29.983822,55793300,-0.010175997393763936
2015-09-14,38.220001,39.610001,37.849998,38.98,30.917774,92963000,0.030673259350697805
2015-09-21,39.049999,40.080002,38.509998,39.619999,31.425398,78764900,0.016285190582064527
2015-09-28,39.52,40.470001,39.330002,40.389999,32.036152,88386500,0.019248595640748392
2015-10-05,40.450001,42.119999,40.43,42.02,33.329025,70464500,0.03956362385404578
2015-10-12,41.830002,42.290001,41.540001,42.02,33.329025,71568500,0.0
2015-10-19,41.900002,43.849998,41.709999,42.790001,33.939758,105724300,0.01815849058436202
2015-10-26,42.759998,42.900002,42.209999,42.349998,33.590775,83406100,-0.01033565384984449
2015-11-02,42.32,42.389999,41.610001,41.959999,33.281429,57985600,-0.009251921967906862
2015-11-09,41.700001,42.200001,41.34,41.380001,32.821392,50571500,-0.013919055807853523
2015-11-16,41.43,43.580002,41.389999,42.43,33.654217,80822100,0.025057869778752524
2015-11-23,42.549999,43.599998,42.529999,43.150002,34.225307,46686900,0.016826973481423813
2015-11-30,43.119999,43.48,42.32,43.290001,34.599678,71306900,0.01087903447657841
2015-12-07,43.310001,43.439999,42.139999,42.27,33.784447,68509100,-0.023843827002559718
2015-12-14,42.310001,43.91,41.970001,42.5,33.968266,99158600,0.0054261871704763195
2015-12-21,42.82,43.73,42.459999,43.540001,34.7995,34854100,0.02417628303120944
2015-12-28,43.439999,43.779999,42.869999,42.959999,34.335922,28906300,-0.013410924083631025
2016-01-04,42.34,42.630001,41.41,41.509998,33.177013,83320600,-0.034334838178512905
2016-01-11,41.580002,42.57,40.93,41.5,33.169003,91665900,-0.00024146137241833505
2016-01-18,41.77,42.240002,40.75,42.060001,33.616592,66163800,0.01340395938261185
2016-01-25,42.240002,43.259998,41.810001,42.919998,34.303936,76770500,0.020240345165786374
2016-02-01,42.599998,43.150002,42.259998,42.439999,33.920315,77118400,-0.01124600233776829
2016-02-08,42.169998,43.490002,41.900002,43.110001,34.455814,90885500,0.01566365211105802
2016-02-15,43.32,43.77,43.02,43.77,34.983322,49028700,0.01519368408644309
2016-02-22,43.77,44.18,43.110001,43.139999,34.479786,72051000,-0.014498194354975404
2016-02-29,43.169998,44.150002,42.919998,44.110001,35.255062,67090700,0.022235882505544688
2016-03-07,43.91,45.259998,43.810001,45.200001,36.126251,93100000,0.02441065380552871
2016-03-14,45.040001,45.91,44.549999,45.599998,36.730171,90212500,0.016578739824834706
2016-03-21,45.419998,45.869999,45.189999,45.580002,36.714066,43711000,-0.0004385640294180819
2016-03-28,45.560001,46.880001,45.509998,46.830002,37.720924,83096600,0.027055002367466528
2016-04-04,46.84,46.98,46.16,46.869999,37.753143,51700500,0.000853776753732835
2016-04-11,46.900002,47.130001,45.68,46.099998,37.132919,62963300,-0.016564849733806276
2016-04-18,46.099998,46.619999,42.869999,44.540001,35.876362,128657800,-0.03442524225767391
2016-04-25,44.5,44.959999,44.25,44.799999,36.085789,59093300,0.005820492810154354
2016-05-02,44.57,45.490002,44.509998,45.32,36.504635,49713600,0.011540107501662181
2016-05-09,45.32,45.900002,45.169998,45.349998,36.528797,46681800,0.0006616696003419213
2016-05-16,45.16,45.73,43.939999,43.950001,35.401119,62968500,-0.03135747861845028
2016-05-23,44.07,44.959999,43.939999,44.779999,36.069672,51996700,0.018708971635029867
2016-05-30,44.98,45.049999,44.259998,45.040001,36.27911,47980000,0.005789692079105161
2016-06-06,45.09,46.009998,45.080002,45.990002,37.044308,48438500,0.02087261618657928
2016-06-13,45.48,45.669998,44.380001,44.790001,36.077732,62382900,-0.026438876802134262
2016-06-20,45.09,45.330002,43.82,43.93,35.656364,65029700,-0.011748188655528674
2016-06-27,43.669998,45.41,43.32,45.119999,36.62225,72396400,0.02672833494127447
2016-07-04,45.16,45.669998,44.919998,45.380001,36.833279,44109900,0.005745777981532249
2016-07-11,45.349998,45.939999,45.110001,45.630001,37.036198,46947400,0.005494001545714617
2016-07-18,45.689999,45.84,45.259998,45.830002,37.198524,41078800,0.0043733243513742115
2016-07-25,45.810001,45.830002,43.099998,43.630001,35.412872,92023600,-0.04919371320584956
2016-08-01,43.689999,43.830002,43.310001,43.48,35.291115,58936300,-0.0034441373258796877
2016-08-08,43.43,44.189999,43.220001,44.029999,35.737534,46605900,0.012570276488732435
2016-08-15,44.099998,44.330002,43.740002,43.919998,35.648247,49835400,-0.0025015358888010684
2016-08-22,43.939999,43.98,43.310001,43.32,35.161255,50258100,-0.013755206990395905
2016-08-29,43.34,43.830002,43.080002,43.66,35.437218,46966400,0.007817857633968263
2016-09-05,43.740002,43.799999,42.27,42.27,34.309017,50901600,-0.03235441786362843
2016-09-12,42.360001,43.23,41.880001,42.139999,34.203495,65231400,-0.0030803740910539433
2016-09-19,42.16,43.009998,42.080002,42.740002,34.973904,47862800,0.02227435156182345
2016-09-26,42.709999,42.759998,41.849998,42.32,34.63023,69527600,-0.00987518335902057
2016-10-03,42.310001,42.34,41.57,41.73,34.14743,52288500,-0.014039673070111383
2016-10-10,41.919998,41.990002,41.400002,41.669998,34.098335,60998400,-0.0014387708444367337
2016-10-17,41.73,42.169998,41.57,42.130001,34.474751,63479200,0.010978644910268382
2016-10-24,42.32,43.029999,41.900002,42.23,34.556583,74745500,0.0023708664917739845
2016-10-31,42.119999,42.43,41.689999,41.689999,34.114704,63307400,-0.012869573825468238
2016-11-07,42.040001,42.98,40.630001,41.029999,33.574627,94092600,-0.015957860803347285
2016-11-14,41.130001,41.650002,40.849998,40.91,33.476421,77493700,-0.0029292926256263194
2016-11-21,40.91,41.700001,40.73,41.529999,33.983776,41734100,0.015041893995127273
2016-11-28,41.509998,41.790001,39.880001,40.360001,33.02636,84842900,-0.02857720377663012
2016-12-05,40.34,42.220001,40.310001,42.0,34.658928,82210700,0.04824932430031478
2016-12-12,42.0,42.009998,41.060001,41.740002,34.44437,88426300,-0.006209795934021177
2016-12-19,41.689999,41.830002,41.080002,41.599998,34.328842,47315100,-0.0033596833798670727
2016-12-26,41.560001,41.84,41.349998,41.459999,34.213314,34332700,-0.0033710089131751626
2017-01-02,41.5,41.970001,41.279999,41.740002,34.44437,43885300,0.0067306922930421426
2017-01-09,41.23,41.580002,40.689999,40.880001,33.73468,60460200,-0.020819170513262243
2017-01-16,40.84,41.439999,40.799999,41.32,34.097782,48542400,0.010705949848697213
2017-01-23,41.310001,42.25,41.209999,41.450001,34.205051,63151400,0.003140985036186508
2017-01-30,41.299999,41.790001,41.209999,41.540001,34.279335,56782400,0.002169371252967829
2017-02-06,41.529999,42.150002,40.549999,40.580002,33.487122,99365300,-0.02338174746183718
2017-02-13,40.77,41.360001,40.220001,41.23,34.023514,119675600,0.015890926801449178
2017-02-20,41.200001,42.0,41.200001,41.779999,34.477375,54331500,0.013251437992371025
2017-02-27,41.75,42.560001,41.59,42.48,35.055027,70042800,0.01661571506997642
2017-03-06,42.34,42.43,41.740002,42.290001,34.898235,73083600,-0.004482772013244691
2017-03-13,41.919998,42.389999,41.830002,42.029999,34.683689,98964500,-0.006166736059415961
2017-03-20,42.099998,42.700001,41.91,42.119999,35.064732,65584700,0.010926320206654535
2017-03-27,42.110001,42.650002,42.049999,42.439999,35.331139,59643000,0.007568860730996517
2017-04-03,42.580002,42.860001,42.27,42.610001,35.472668,57955600,0.00399778470941046
2017-04-10,42.73,43.080002,42.509998,42.790001,35.622505,41645400,0.004215116597260179
2017-04-17,42.790001,43.790001,42.779999,43.07,35.855602,63064900,0.006522215993065116
2017-04-24,43.240002,43.43,42.82,43.150002,35.922207,69799500,0.0018558665984628106
2017-05-01,43.150002,43.84,43.099998,43.689999,36.371754,53747200,0.012436800756334467
2017-05-08,43.59,43.91,43.360001,43.59,36.288498,44712300,-0.0022916528402931184
2017-05-15,43.459999,44.169998,43.459999,43.900002,36.546581,59114900,0.007086807172611185
2017-05-22,43.889999,45.560001,43.810001,45.389999,37.786995,65637900,0.03337735707982951
2017-05-29,45.16,45.889999,45.110001,45.889999,38.203243,48214500,0.010955411488552676
2017-06-05,45.779999,46.060001,44.970001,45.32,37.728722,54866000,-0.012498746144743932
2017-06-12,45.32,45.48,44.799999,45.310001,37.720394,69683400,-0.00022075805457599204
2017-06-19,45.349998,45.869999,45.029999,45.25,37.980453,49052500,0.006870729545416786
2017-06-26,45.32,45.509998,44.650002,44.849998,37.644718,47034400,-0.00887898040382186
2017-07-03,45.110001,45.27,44.240002,44.389999,37.258621,35967100,-0.010309297949418029
2017-07-10,44.450001,44.77,44.150002,44.68,37.502041,42640700,0.006512003872010815
2017-07-17,44.66,45.07,44.549999,45.029999,37.795811,39189200,0.007802918216765706
2017-07-24,45.040001,46.43,44.310001,46.009998,38.618362,63949300,0.021529586464800816
2017-07-31,46.0,46.080002,45.380001,45.5,38.190289,57902600,-0.011146594208701344
2017-08-07,45.52,45.900002,45.330002,45.59,38.265823,38868700,0.001975879301169457
2017-08-14,45.669998,46.34,45.619999,45.669998,38.332981,45503400,0.0017535004125629266
2017-08-21,45.669998,45.799999,45.310001,45.57,38.249046,42836300,-0.0021920295635142286
2017-08-28,45.630001,45.799999,45.25,45.779999,38.425301,44576900,0.0045975040507100036
2017-09-04,45.75,46.369999,45.650002,46.299999,38.861771,39108900,0.011294893929953104
2017-09-11,46.349998,46.98,45.939999,46.18,38.761044,59126100,-0.002595295121355612
2017-09-18,46.150002,46.240002,45.360001,45.490002,38.48571,42439900,-0.007128718081975946
2017-09-25,45.5,45.869999,44.380001,45.009998,38.079624,49383300,-0.010607667637532401
2017-10-02,45.049999,45.75,44.75,45.490002,38.48571,52459400,0.010607667637532443
2017-10-09,45.549999,46.380001,45.34,46.18,39.069466,33053100,0.01505423763541786
2017-10-16,46.119999,46.790001,46.099998,46.380001,39.23867,43842500,0.004321498939232097
2017-10-23,46.380001,46.759998,45.91,46.07,38.97641,49244400,-0.006706148810990403
2017-10-30,46.0,46.169998,45.630001,45.970001,38.891808,33878200,-0.002172954138721482
2017-11-06,45.91,46.639999,45.310001,46.540001,39.374046,39461500,0.01232323109354444
2017-11-13,46.599998,47.48,45.25,45.709999,38.671833,69500500,-0.017995362698929002
2017-11-20,45.650002,46.049999,45.419998,45.880001,38.815659,40872400,0.003712242104029821
2017-11-27,45.880001,46.150002,45.029999,45.970001,38.891808,60200500,0.0019598895013547687
2017-12-04,45.990002,46.48,45.049999,45.310001,38.647709,61693500,-0.006296139460547302
2017-12-11,45.310001,46.419998,44.919998,46.189999,39.398315,66327300,0.019235551165153214
2017-12-18,46.200001,46.380001,45.549999,45.59,38.886536,40784400,-0.013074976432188022
2017-12-25,45.700001,46.18,45.610001,45.880001,39.133892,26671400,0.006340822143817304
2018-01-01,45.91,46.220001,45.34,46.07,39.295956,49330300,0.004132718213667239
2018-01-08,45.950001,46.389999,45.860001,46.150002,39.364201,49885000,0.0017351863948881264
2018-01-15,46.150002,47.25,46.139999,47.16,40.225689,56742700,0.02164902217099141
2018-01-22,47.139999,48.619999,47.09,48.529999,41.394245,65431800,0.028636040123604732
2018-01-29,48.209999,48.459999,46.630001,46.73,39.858913,58219200,-0.03779581754045399
2018-02-05,46.650002,46.919998,42.189999,43.130001,36.788246,112635800,-0.08016765198500661
2018-02-12,43.560001,45.639999,43.369999,44.98,38.366234,71979700,0.041999357864601905
2018-02-19,44.75,44.830002,43.220001,44.040001,37.564453,47585200,-0.021119545557590377
2018-02-26,44.23,44.389999,42.82,43.720001,37.291504,69214000,-0.0072926783820221625
2018-03-05,43.57,44.82,43.470001,44.82,38.229763,55024600,0.024848822462976594
2018-03-12,44.950001,45.09,43.450001,43.459999,37.069725,77581000,-0.030813749631701363
2018-03-19,43.459999,43.709999,42.290001,42.330002,36.424606,64743400,-0.017556063461471164
2018-03-26,42.610001,43.919998,42.25,43.43,37.371147,49631000,0.025654400819649696
2018-04-02,43.439999,44.610001,42.470001,43.919998,37.792786,66458700,0.0112193017554964
2018-04-09,44.029999,44.689999,43.720001,44.509998,38.300476,49967800,0.013344086456631299
2018-04-16,44.650002,45.029999,43.580002,43.740002,37.637894,49858600,-0.01745096227178168
2018-04-23,43.740002,44.099998,41.91,43.310001,37.267887,74516000,-0.009879344544315962
2018-04-30,43.5,43.689999,41.52,42.360001,36.450428,70586700,-0.022178816993494714
2018-05-07,42.34,42.490002,41.669998,42.139999,36.261112,47949500,-0.005207328239646282
2018-05-14,42.25,42.380001,41.450001,42.18,36.295532,65563300,0.0009487760371609047
2018-05-21,42.310001,42.599998,41.93,42.400002,36.484837,44380600,0.005202101322456766
2018-05-28,42.119999,43.32,42.099998,43.119999,37.104393,51177100,0.01683862268883462
2018-06-04,43.360001,44.0,43.040001,43.950001,37.818596,54933300,0.019065567018979844
2018-06-11,43.950001,44.52,43.450001,44.119999,37.964882,66773100,0.00386063520846373
2018-06-18,43.880001,43.959999,42.959999,43.25,37.547714,61381600,-0.011049077005737888
2018-06-25,43.16,44.099998,42.990002,43.860001,38.077286,65554200,0.014005438846138665
2018-07-02,43.779999,44.939999,43.580002,44.639999,38.754444,37833700,0.017627496719769126
2018-07-09,44.540001,45.0,44.34,44.740002,38.841263,37612300,0.002237727822450382
2018-07-16,44.73,45.43,44.529999,45.279999,39.310074,43461100,0.011997660987568548
2018-07-23,45.279999,46.59,44.610001,46.209999,40.117451,67362400,0.020330604773879515
2018-07-30,46.099998,46.759998,46.049999,46.619999,40.473396,54783300,0.008833442699038711
2018-08-06,46.599998,46.869999,45.970001,46.080002,40.004585,41958500,-0.011650796832575689
2018-08-13,46.049999,46.73,45.650002,46.599998,40.456036,44162300,0.011221781087938544
2018-08-20,46.68,46.869999,45.580002,45.630001,39.613922,51635200,-0.021035231500655876
2018-08-27,46.049999,46.049999,44.389999,44.57,38.693672,60019500,-0.023504549678332036
2018-09-03,44.599998,46.0,44.509998,45.720001,39.692051,43340900,0.02547486849090733
2018-09-10,45.91,46.310001,45.610001,45.990002,39.926449,46971300,0.005888045547116061
2018-09-17,46.0,46.689999,45.869999,46.580002,40.782639,54470700,0.021217489655194446
2018-09-24,46.490002,46.529999,45.57,46.189999,40.441174,48759400,-0.00840805175356222
2018-10-01,46.169998,46.560001,45.43,45.880001,40.169754,45686100,-0.006734100014274359
2018-10-08,45.990002,46.700001,44.25,44.68,39.119106,64647600,-0.0265033322345728
2018-10-15,44.639999,46.490002,44.59,46.330002,40.563755,59812900,0.03626394174847762
2018-10-22,46.369999,47.389999,45.43,45.919998,40.204781,89071700,-0.008889014991648963
2018-10-29,46.150002,48.150002,46.040001,48.0,42.025902,101216400,0.044300223577396915
2018-11-05,48.0,49.889999,47.919998,49.68,43.496811,65317500,0.03440148258349849
2018-11-12,49.610001,50.25,49.27,50.169998,43.925819,65383900,0.009814654255187667
2018-11-19,50.310001,50.84,48.549999,49.02,42.918957,48182800,-0.023188662875603953
2018-11-26,49.009998,50.490002,48.669998,50.400002,44.127201,66993800,0.027762778587214168
2018-12-03,49.869999,50.509998,48.66,49.09,43.320114,67177700,-0.01845934132099961
2018-12-10,49.450001,50.02,48.470001,49.34,43.540726,70333700,0.005079676281573908
2018-12-17,49.34,49.529999,47.099998,47.57,41.978767,104759900,-0.03653278715781077
2018-12-24,47.619999,48.009998,45.66,47.200001,41.652271,55261000,-0.007808049895339846
2018-12-31,47.490002,47.57,46.529999,47.57,41.978767,49908100,0.007808049895339909
2019-01-07,47.57,47.75,46.34,47.34,41.775799,73653900,-0.004846742261791562
2019-01-14,47.25,47.689999,46.810001,47.610001,42.014065,64570300,0.0056872426053922315
2019-01-21,47.700001,48.290001,47.209999,47.369999,41.802273,46097200,-0.005053727132926562
2019-01-28,47.220001,48.779999,46.939999,48.700001,42.975956,86229600,0.027690080470338573
2019-02-04,48.700001,49.5,48.540001,49.5,43.681919,56307800,0.0162934671087498
2019-02-11,49.57,49.939999,45.200001,45.240002,39.922626,127708400,-0.08999103277892281
2019-02-18,45.32,45.950001,44.77,45.279999,39.957932,100824900,0.0008839698465554311
2019-02-25,45.439999,45.639999,44.419998,45.380001,40.046177,100890600,0.002206012588352316
2019-03-04,45.529999,45.790001,44.610001,44.84,39.569641,70931300,-0.011971030451302312
2019-03-11,45.139999,46.34,45.099998,45.299999,39.975578,123456500,0.010206534825902063
2019-03-18,45.43,46.110001,45.18,45.93,40.885357,91468400,0.022503261732165346
2019-03-25,45.860001,46.919998,45.790001,46.860001,41.713203,61813400,0.02004571801211686
2019-04-01,46.990002,47.169998,46.040001,46.470001,41.366055,48364700,-0.008357080426066277
2019-04-08,46.540001,47.0,46.27,46.740002,41.606396,44165400,0.005793288478296788
2019-04-15,46.880001,47.580002,46.700001,47.48,42.265118,45082200,0.015708206836294338
2019-04-22,47.400002,48.720001,47.02,48.259998,42.959446,72758500,0.016294442115320894
2019-04-29,48.169998,49.18,48.110001,48.720001,43.368927,53997100,0.009486662536604122
2019-05-06,48.330002,48.610001,47.07,48.189999,42.897129,51531000,-0.010938316319517626
2019-05-13,47.91,49.66,47.73,49.200001,43.7962,69206500,0.02074215501024147
2019-05-20,49.040001,49.900002,48.450001,49.610001,44.161167,59575300,0.008298772622256747
2019-05-27,49.599998,49.669998,48.41,49.130001,43.733891,51604400,-0.009722488965128185
2019-06-03,49.16,52.189999,49.02,51.490002,45.834686,72499400,0.0469178014453278
2019-06-10,51.540001,52.139999,50.779999,51.310001,45.674461,49789000,-0.0035018393021396432
2019-06-17,51.25,51.889999,50.470001,51.549999,46.246319,62878600,0.012442570173700183
2019-06-24,51.740002,52.200001,50.52,50.919998,45.681126,63419800,-0.01229665682059946
2019-07-01,51.07,52.330002,50.779999,52.110001,46.748699,39715600,0.023101211689202397
2019-07-08,52.200001,52.330002,51.43,52.119999,46.757671,45424800,0.00019190136516981988
2019-07-15,52.279999,52.470001,51.369999,51.389999,46.102779,43540100,-0.01410509765425217
2019-07-22,51.52,54.82,51.130001,54.169998,48.596756,91728900,0.05268354952606502
2019-07-29,54.169998,54.299999,51.91,52.330002,46.946068,69906000,-0.03455732622908321
2019-08-05,52.389999,53.900002,51.400002,53.419998,47.92392,77886500,0.02061529998815934
2019-08-12,53.279999,54.490002,52.869999,54.41,48.812069,58940600,0.01836284438889799
2019-08-19,54.439999,54.779999,53.389999,53.740002,48.211002,51627700,-0.012390345584176695
2019-08-26,54.0,55.34,53.73,55.040001,49.377251,50819800,0.023902559784276706
2019-09-02,54.98,55.919998,54.759998,55.23,49.547703,46480000,0.003446090431016711
2019-09-09,55.029999,55.310001,53.849998,54.259998,48.677502,56437500,-0.017718950392151104
2019-09-16,54.099998,54.700001,53.630001,53.91,48.71711,58991600,0.0008133509928356516
2019-09-23,53.91,54.639999,53.880001,54.310001,49.078579,44797800,0.007392363606117586
2019-09-30,54.150002,54.779999,52.82,54.540001,49.28643,61526700,0.004226122916401621
2019-10-07,54.330002,54.360001,53.200001,53.299999,48.165867,44326400,-0.022998172939300926
2019-10-14,53.490002,55.389999,53.130001,54.779999,49.503307,58638100,0.02738885875345577
2019-10-21,54.450001,54.82,53.669998,53.75,48.572525,51702700,-0.018981433594365035
2019-10-28,53.740002,54.740002,53.16,53.900002,48.708069,49358200,0.002786662419305504
2019-11-04,53.959999,54.0,51.959999,52.209999,47.180862,68955300,-0.03185635998262455
2019-11-11,52.330002,52.68,51.580002,52.669998,47.59655,50755800,0.00877193535284033
2019-11-18,52.68,53.439999,52.669998,53.029999,47.921879,55401200,0.00681188460471564
2019-11-25,53.279999,54.099998,52.77,53.400002,48.256237,41000800,0.006952919456032303
2019-12-02,53.32,54.5,52.849998,54.419998,49.54533,63207700,0.026362924420449643
2019-12-09,54.299999,54.549999,53.66,54.419998,49.54533,56065700,0.0
2019-12-16,54.689999,55.200001,53.889999,54.970001,50.046066,71118900,0.010055893173130244
2019-12-23,55.0,55.450001,54.639999,55.349998,50.392021,25784100,0.006888947778979284
2019-12-30,55.18,55.43,54.09,54.689999,49.791142,37636500,-0.011995752328701204
2020-01-06,54.650002,55.93,54.150002,55.529999,50.555893,63786300,0.015242419594075254
2020-01-13,55.529999,57.150002,55.419998,56.939999,51.8396,72882000,0.02507481964713772
2020-01-20,56.849998,57.869999,56.57,57.68,52.513317,46291700,0.012912458610033784
2020-01-27,57.209999,59.080002,56.66,58.400002,53.168827,80674500,0.012405471385221047
2020-02-03,58.75,59.450001,58.52,59.189999,53.88805,57271200,0.013436480509665005
2020-02-10,59.32,60.07,59.209999,59.950001,54.579979,42733900,0.012758384054010044
2020-02-17,59.810001,60.130001,59.110001,60.130001,54.743855,34781000,0.0029979944307974406
2020-02-24,59.110001,59.799999,51.580002,53.490002,48.698635,110813000,-0.1170141240062965
2020-03-02,53.93,59.0,53.700001,55.259998,50.310085,113626300,0.03255455307844703
2020-03-09,52.049999,53.799999,46.610001,48.470001,44.128304,143619900,-0.13110416338954717
2020-03-16,42.240002,47.880001,37.509998,38.299999,35.175079,189667700,-0.22676354172597696
2020-03-23,38.759998,45.27,36.27,42.810001,39.317104,197706000,0.11132179156984384
2020-03-30,43.040001,45.560001,41.799999,43.830002,40.253895,102585300,0.023547128887910232
2020-04-06,45.389999,49.73,44.689999,49.0,45.002068,82232000,0.11150167490097587
2020-04-13,48.349998,49.25,46.5,48.060001,44.138763,91732500,-0.01937006830165663
2020-04-20,47.790001,48.0,44.259998,45.43,41.723343,94476400,-0.05627761961159032
2020-04-27,46.0,48.0,45.209999,45.599998,41.879467,87293700,0.0037349027260585163
2020-05-04,45.32,46.220001,44.5,46.110001,42.347855,78258700,0.011122111381929787
2020-05-11,45.689999,46.110001,43.200001,43.259998,39.730389,89734000,-0.06380140959626068
2020-05-18,44.82,46.169998,44.130001,45.029999,41.355976,92456200,0.040100572528928936
2020-05-25,46.919998,47.459999,45.93,46.68,42.871361,108026300,0.03598709385111899
2020-06-01,46.66,49.490002,46.560001,49.09,45.084721,81883600,0.050339381373274344
2020-06-08,49.540001,49.970001,45.009998,45.599998,41.879467,100220100,-0.07374774953899144
2020-06-15,44.57,47.790001,44.470001,46.02,42.649181,86874000,0.018212411856949818
2020-06-22,46.029999,46.290001,43.509998,43.57,40.378635,88968100,-0.054707262489683224
2020-06-29,44.0,45.529999,43.549999,44.880001,41.592682,70712100,0.029623429881061973
2020-07-06,45.139999,45.5,43.830002,45.150002,41.842911,73755700,0.005998153575167641
2020-07-13,45.529999,47.189999,44.669998,46.82,43.390579,84729300,0.036319951903468456
2020-07-20,46.720001,48.799999,45.849998,48.490002,44.938259,104277700,0.03504718165407527
2020-07-27,48.18,49.279999,46.73,47.240002,43.779819,77103000,-0.026116567685535306
2020-08-03,47.139999,48.080002,46.220001,47.799999,44.298794,58768100,0.011784495425958825
2020-08-10,48.060001,48.73,47.66,48.450001,44.901184,57940500,0.013506710906775283
2020-08-17,48.32,48.75,46.970001,47.279999,43.816883,62345200,-0.02444496437691552
2020-08-24,47.43,49.849998,47.18,49.830002,46.180107,54561600,0.052529921209933994
2020-08-31,49.799999,52.139999,48.830002,51.040001,47.301476,100740700,0.02399237914099485
2020-09-07,50.93,51.200001,49.360001,51.060001,47.320011,66740800,0.0003917714849919238
2020-09-14,50.970001,51.450001,49.939999,50.450001,46.754696,76207700,-0.012018571682132712
2020-09-21,49.75,50.040001,47.560001,48.720001,45.516903,77062100,-0.026830948412473795
2020-09-28,49.310001,49.709999,48.549999,49.360001,46.114834,70585600,0.013050925509391666
2020-10-05,49.43,51.23,48.830002,50.810001,47.46949,54393400,0.02895251189316707
2020-10-12,50.84,51.529999,49.299999,50.029999,46.740776,59865400,-0.01547025742325282
2020-10-19,50.029999,51.200001,49.459999,50.52,47.198559,67099000,0.00974643100974667
2020-10-26,50.34,50.509998,47.299999,48.060001,44.900291,79648600,-0.04991908666820425
2020-11-02,48.75,50.209999,48.240002,49.450001,46.19891,65119300,0.02851192893953016
2020-11-09,52.5,54.299999,52.07,53.450001,49.935932,108020900,0.07778461904868622
2020-11-16,54.5,54.619999,51.950001,52.669998,49.207211,77269900,-0.014700645985158751
2020-11-23,52.950001,53.59,52.200001,52.700001,49.235241,45713600,0.000569469780323974
2020-11-30,52.09,53.869999,51.080002,53.849998,50.309624,112526800,0.021586743232380773
2020-12-07,53.759998,53.779999,52.700001,53.349998,50.233307,62940500,-0.0015180980681140286
2020-12-14,53.650002,54.220001,52.619999,53.740002,50.600533,102322700,0.007283817090882421
2020-12-21,52.68,53.549999,51.98,53.439999,50.31805,34921900,-0.0055982501807537634
2020-12-28,53.849998,54.93,53.73,54.84,51.636269,33978800,0.025860453520596453
2021-01-04,54.27,54.630001,49.52,51.080002,48.095928,167559100,-0.07102679661116698
2021-01-11,50.619999,50.860001,48.529999,48.700001,45.854965,115377600,-0.047714035828381705
2021-01-18,48.740002,49.09,48.240002,48.490002,45.657234,87333100,-0.0043214196549533086
2021-01-25,48.419998,49.5,48.110001,48.150002,45.337101,86938400,-0.00703635717152976
2021-02-01,48.27,49.779999,48.18,49.650002,46.74947,71116900,0.0306772148634465
2021-02-08,49.959999,50.849998,49.490002,50.689999,47.728706,90457200,0.020730101046500804
2021-02-15,50.619999,50.849998,49.889999,50.110001,47.18259,56603600,-0.011508051203313992
2021-02-22,49.849998,51.509998,48.970001,48.990002,46.128025,82884700,-0.022604285749154636
2021-03-01,49.439999,51.09,49.400002,50.790001,47.822872,84414200,0.03608333591357322
2021-03-08,51.470001,52.490002,50.200001,50.360001,47.417988,104515500,-0.008502368397236372
2021-03-15,50.5,51.619999,50.169998,50.810001,48.239902,130981800,0.017184870525339277
2021-03-22,50.32,53.110001,50.32,53.040001,50.357109,84064100,0.04295327994861313
2021-03-29,52.73,53.939999,52.459999,52.509998,49.853912,64047100,-0.010042832101267494
2021-04-05,52.349998,53.650002,52.290001,53.18,50.490021,62569500,0.012678744039592143
2021-04-12,53.330002,53.799999,52.650002,53.68,50.964729,60476800,0.009358092436886777
2021-04-19,54.0,54.869999,53.299999,54.470001,51.714771,69218000,0.014609641472759212
2021-04-26,54.470001,54.509998,53.32,53.98,51.249557,62708700,-0.009036472625609176
2021-05-03,54.27,54.799999,53.709999,54.509998,51.75275,56445000,0.00977059675149213
2021-05-10,54.880001,55.5,53.830002,54.73,51.961617,71570100,0.004027740580345563
2021-05-17,54.84,55.119999,53.610001,54.619999,51.857189,67460000,-0.002011736394253344
2021-05-24,54.630001,55.709999,54.349998,55.290001,52.493298,114428100,0.012191929289550218
2021-05-31,55.34,56.48,55.099998,56.240002,53.395245,60931900,0.017036192751738274
2021-06-07,56.310001,56.34,55.48,56.16,53.319286,59088100,-0.001423592684454894
2021-06-14,55.689999,55.790001,53.720001,53.77,51.050179,78180700,-0.04348905340230299
2021-06-21,54.220001,54.849998,54.0,54.32,51.960957,70185000,0.017683558675811156
2021-06-28,54.25,54.48,53.720001,54.18,51.827034,61291300,-0.0025807046275260056
2021-07-05,53.990002,54.52,53.549999,54.459999,52.094879,52446800,0.00515474716260985
2021-07-12,54.32,56.68,54.27,56.400002,53.950626,82209800,0.035002642791518206
2021-07-19,56.080002,57.560001,55.16,57.009998,54.534134,82249800,0.010757522571096407
2021-07-26,56.889999,57.540001,56.560001,57.029999,54.553261,52659600,0.00035067296631306484
2021-08-02,57.200001,57.240002,56.009998,56.639999,54.180202,50708000,-0.0068619255476278975
2021-08-09,56.799999,57.299999,56.43,57.23,54.744583,42020900,0.01036285819936332
2021-08-16,57.200001,57.560001,55.950001,56.639999,54.180202,51959400,-0.010362858199363235
2021-08-23,56.669998,56.75,55.450001,55.650002,53.233204,51426300,-0.01763322796854034
2021-08-30,55.689999,57.029999,55.639999,56.73,54.266293,58612900,0.019220942132748213
2021-09-06,56.599998,56.689999,55.509998,55.610001,53.194935,55194500,-0.01994009407900806
2021-09-13,55.740002,56.400002,54.369999,54.439999,52.075748,100739800,-0.021263834106129902
2021-09-20,54.110001,54.82,53.73,53.889999,51.938683,80198800,-0.0026355012091785475
2021-09-27,53.849998,54.25,52.43,53.02,51.100185,80246500,-0.016275732177565158
2021-10-04,53.060001,54.389999,52.400002,54.119999,52.160358,84992200,0.02053466353642049
2021-10-11,54.209999,54.880001,53.790001,54.48,52.50732,75567200,0.006629807357970358
2021-10-18,54.349998,54.759998,53.77,54.450001,52.478409,66622000,-0.0005507605844374731
2021-10-25,54.380001,56.470001,54.02,56.369999,54.328884,88353200,0.034654191349657165
2021-11-01,56.389999,57.16,55.779999,56.84,54.781864,57645200,0.008303171058219108
2021-11-08,56.75,56.990002,56.09,56.610001,54.560196,49217600,-0.004054584369065141
2021-11-15,56.529999,56.939999,54.900002,55.130001,53.133789,68528200,-0.026491552343227268
2021-11-22,55.099998,56.110001,53.580002,53.73,51.784473,58094700,-0.025722698263926317
2021-11-29,54.049999,54.73,52.279999,53.540001,51.60136,110055900,-0.0035423265676313817
2021-12-06,54.310001,56.32,54.139999,56.279999,54.662781,105483100,0.05763502863220964
2021-12-13,56.98,58.919998,56.959999,57.73,56.071117,157664500,0.025437774102268072
2021-12-20,57.200001,58.610001,57.0,58.220001,56.547035,60219100,0.008451938247168791
2021-12-27,58.0,59.349998,58.0,59.209999,57.508587,46561100,0.01686150607277951
2022-01-03,58.82,61.200001,58.380001,60.330002,58.596409,99046400,0.01873913905803647
2022-01-10,60.549999,61.450001,59.84,61.389999,59.625946,90125300,0.017417400068938372
2022-01-17,61.060001,61.439999,60.400002,60.450001,58.712959,90277000,-0.015430345832167108
2022-01-24,59.900002,60.93,58.57,60.84,59.091755,106397700,0.0064309362948941256
2022-01-31,60.299999,61.779999,60.150002,60.959999,59.208302,99956800,0.0019703631707662836
2022-02-07,61.380001,62.330002,60.150002,60.290001,58.557552,106556600,-0.011051703043643422
2022-02-14,60.16,62.82,59.279999,62.540001,60.742897,95978400,0.03664008807348437
2022-02-21,62.43,62.900002,59.220001,62.849998,61.043987,89675100,0.004944549093392416
2022-02-28,61.650002,63.02,61.200001,62.57,60.772038,97495100,-0.004464920798176787
2022-03-07,62.009998,62.07,57.5,57.919998,56.255653,123159100,-0.07722324805654213
2022-03-14,57.970001,60.299999,57.970001,60.099998,58.373016,99537900,0.03694719444670677
2022-03-21,60.5,61.610001,60.0,61.529999,60.219391,75939900,0.031140681823705184
2022-03-28,61.529999,62.950001,61.209999,62.869999,61.530846,69314600,0.021544199965262106
2022-04-04,62.599998,64.040001,61.720001,63.830002,62.470402,73158700,0.015154266525198055
2022-04-11,63.91,65.57,63.639999,65.019997,63.635052,59081400,0.018471574030428154
2022-04-18,64.769997,67.0,64.18,65.25,63.860153,68522900,0.0035311325456781947
2022-04-25,67.0,67.199997,64.489998,64.610001,63.233784,106183300,-0.009856867859562052
2022-05-02,65.279999,65.309998,62.580002,64.739998,63.361012,105576000,0.002010004310677536
2022-05-09,64.470001,65.800003,63.209999,65.720001,64.320145,99767600,0.015024159620565676
2022-05-16,65.440002,66.379997,59.66,60.98,59.681103,126588800,-0.07485744159320128
2022-05-23,61.650002,65.099998,61.59,64.68,63.302296,84790400,0.05890616258608401
2022-05-30,64.080002,64.32,62.110001,62.970001,61.628719,86693200,-0.026793620787971605
2022-06-06,63.330002,63.77,60.459999,61.41,60.101944,71560400,-0.02508579231842609
2022-06-13,60.75,62.290001,58.25,59.43,58.164124,117204600,-0.03277344855602673
2022-06-20,59.490002,63.060001,59.009998,63.040001,62.142986,68250100,0.06616921704257737
2022-06-27,62.98,64.449997,62.110001,64.379997,63.463913,67745100,0.021033489548404536
2022-07-04,64.18,64.18,62.419998,63.139999,62.241562,55511600,-0.019448469186588737
2022-07-11,62.990002,63.459999,61.299999,62.5,61.610668,76979900,-0.010187938592839169
2022-07-18,62.52,62.650002,60.790001,61.59,60.713619,56393800,-0.014666998731076537
2022-07-25,61.549999,64.290001,61.310001,64.169998,63.256905,71773800,0.04103625297715806
2022-08-01,64.089996,65.040001,62.669998,63.380001,62.478149,61631400,-0.012387411997063773
2022-08-08,63.5,63.990002,62.75,63.700001,62.793594,43930500,0.005036182289289044
2022-08-15,63.639999,65.470001,63.57,65.169998,64.242676,43030000,0.02281466315810115
2022-08-22,64.839996,64.919998,62.98,63.110001,62.21199,42379800,-0.03211997861821608
2022-08-29,62.689999,63.029999,60.900002,61.150002,60.279881,58955800,-0.03154934680603117
2022-09-05,61.290001,62.880001,60.990002,62.32,61.433228,54521900,0.018952461774853838
2022-09-12,62.43,62.810001,59.110001,59.540001,58.692791,76386700,-0.04563395302115198
2022-09-19,59.389999,60.700001,58.0,58.599998,58.187325,65227700,-0.008649360875312014
2022-09-26,58.490002,58.57,55.91,56.02,55.625496,94674800,-0.045025890213384386
2022-10-03,56.360001,57.810001,54.25,54.509998,54.126125,78136500,-0.027324685974538132
2022-10-10,54.599998,56.470001,54.02,54.98,54.592819,75139000,0.00858538262876258
2022-10-17,55.630001,56.779999,54.959999,55.959999,55.565914,67666000,0.01766760175115222
2022-10-24,56.639999,60.91,56.57,60.759998,60.332111,90993000,0.08229452701801941
2022-10-31,60.509998,60.57,58.099998,59.259998,58.842674,58145000,-0.02499714274802337
2022-11-07,59.259998,61.450001,58.75,61.32,60.888168,64823400,0.034171530149696865
2022-11-14,61.32,61.720001,60.0,61.139999,60.709438,65484500,-0.002939698150188403
2022-11-21,61.41,62.810001,61.200001,62.689999,62.24852,41874900,0.025035587986320346
2022-11-28,62.689999,64.519997,61.75,64.349998,63.896832,79315900,0.0261350227279141
2022-12-05,63.41,63.880001,63.09,63.139999,63.139999,55453300,-0.011915315397672472
2022-12-12,63.299999,64.699997,62.330002,62.75,62.75,87840000,-0.006195889280131499
2022-12-19,62.830002,64.050003,62.470001,63.82,63.82,47747500,0.01690804283820422
2022-12-26,63.93,64.650002,63.169998,63.610001,63.610001,29298800,-0.003295914438586127
2023-01-02,63.560001,63.669998,62.080002,63.400002,63.400002,45371000,-0.0033068134225902046
2023-01-09,63.299999,63.720001,60.59,61.43,61.43,58292200,-0.031565577813085055
2023-01-16,61.73,62.380001,59.400002,60.080002,60.080002,67128100,-0.02222127443100921
2023-01-23,60.279999,63.259998,59.799999,60.490002,60.490002,59953100,0.0068010544373117475
2023-01-30,60.540001,61.580002,59.23,59.830002,59.830002,74857300,-0.010970854352152554
2023-02-06,59.790001,60.34,59.540001,59.619999,59.619999,49774500,-0.003516169352955768
